run_id,session_label,batteries,type_agreement,with_brand_or_part,video
0,li_ion_laptop,0,0,0,li_ion_laptop_run0/pipeline.mp4
1,li_ion_laptop,1,1,0,li_ion_laptop_run1/pipeline.mp4
2,li_ion_laptop,2,2,1,li_ion_laptop_run2/pipeline.mp4
3,li_ion_laptop,5,4,1,li_ion_laptop_run3/pipeline.mp4
4,li_ion_laptop,6,6,3,li_ion_laptop_run4/pipeline.mp4
5,li_ion_laptop,5,5,2,li_ion_laptop_run5/pipeline.mp4
6,li_ion_laptop,4,4,1,li_ion_laptop_run6/pipeline.mp4
7,li_ion_laptop,4,4,2,li_ion_laptop_run7/pipeline.mp4
8,li_ion_laptop,4,4,3,li_ion_laptop_run8/pipeline.mp4
9,li_ion_laptop,4,4,2,li_ion_laptop_run9/pipeline.mp4
10,li_ion_laptop,3,3,1,li_ion_laptop_run10/pipeline.mp4
11,li_ion_laptop,7,6,3,li_ion_laptop_run11/pipeline.mp4
12,li_ion_laptop,7,6,1,li_ion_laptop_run12/pipeline.mp4
13,li_ion_laptop,5,5,4,li_ion_laptop_run13/pipeline.mp4
14,li_ion_laptop,10,10,1,li_ion_laptop_run14/pipeline.mp4
15,li_ion_laptop,9,6,2,li_ion_laptop_run15/pipeline.mp4
16,li_ion_laptop,4,4,0,li_ion_laptop_run16/pipeline.mp4
17,li_ion_laptop,7,7,2,li_ion_laptop_run17/pipeline.mp4
18,li_ion_laptop,0,0,0,li_ion_laptop_run18/pipeline.mp4
19,li_ion_laptop,4,4,1,li_ion_laptop_run19/pipeline.mp4
20,li_ion_laptop,4,4,2,li_ion_laptop_run20/pipeline.mp4
21,li_ion_mobile,1,1,0,li_ion_mobile_run21/pipeline.mp4
22,li_ion_mobile,3,3,1,li_ion_mobile_run22/pipeline.mp4
23,li_ion_mobile,3,3,1,li_ion_mobile_run23/pipeline.mp4
24,li_ion_mobile,3,3,0,li_ion_mobile_run24/pipeline.mp4
25,li_ion_mobile,2,1,0,li_ion_mobile_run25/pipeline.mp4
26,li_ion_mobile,1,1,0,li_ion_mobile_run26/pipeline.mp4
27,li_ion_mobile,2,2,1,li_ion_mobile_run27/pipeline.mp4
28,li_ion_mobile,2,2,0,li_ion_mobile_run28/pipeline.mp4
29,li_ion_mobile,2,2,1,li_ion_mobile_run29/pipeline.mp4
30,li_ion_mobile,1,1,0,li_ion_mobile_run30/pipeline.mp4
31,li_ion_mobile,16,12,0,li_ion_mobile_run31/pipeline.mp4
32,li_ion_mobile,6,6,0,li_ion_mobile_run32/pipeline.mp4
33,li_ion_mobile,12,12,0,li_ion_mobile_run33/pipeline.mp4
34,li_ion_mobile,2,2,0,li_ion_mobile_run34/pipeline.mp4
35,li_ion_mobile,1,1,0,li_ion_mobile_run35/pipeline.mp4
36,li_ion_mobile,3,3,0,li_ion_mobile_run36/pipeline.mp4
37,li_ion_mobile,1,1,0,li_ion_mobile_run37/pipeline.mp4
38,li_ion_mobile,1,1,0,li_ion_mobile_run38/pipeline.mp4
39,li_ion_mobile,1,1,0,li_ion_mobile_run39/pipeline.mp4
40,li_ion_mobile,24,24,12,li_ion_mobile_run40/pipeline.mp4
41,li_ion_mobile,11,11,0,li_ion_mobile_run41/pipeline.mp4
42,li_ion_mobile,5,5,3,li_ion_mobile_run42/pipeline.mp4
43,li_ion_mobile,10,10,1,li_ion_mobile_run43/pipeline.mp4
44,li_ion_mobile,7,7,0,li_ion_mobile_run44/pipeline.mp4
45,li_ion_mobile,8,8,3,li_ion_mobile_run45/pipeline.mp4
46,li_ion_mobile,10,10,2,li_ion_mobile_run46/pipeline.mp4
47,li_ion_mobile,12,12,0,li_ion_mobile_run47/pipeline.mp4
48,li_ion_mobile,12,12,3,li_ion_mobile_run48/pipeline.mp4
49,li_ion_mobile,8,8,0,li_ion_mobile_run49/pipeline.mp4
50,li_ion_mobile,10,10,2,li_ion_mobile_run50/pipeline.mp4
51,li_ion_mobile,44,44,8,li_ion_mobile_run51/pipeline.mp4
52,li_ion_mobile,17,17,2,li_ion_mobile_run52/pipeline.mp4
53,li_ion_mobile,12,12,3,li_ion_mobile_run53/pipeline.mp4
54,li_ion_mobile,75,75,20,li_ion_mobile_run54/pipeline.mp4
55,li_ion_mobile,48,48,11,li_ion_mobile_run55/pipeline.mp4
56,li_ion_mobile,12,12,0,li_ion_mobile_run56/pipeline.mp4
57,li_ion_mobile,15,15,2,li_ion_mobile_run57/pipeline.mp4
58,li_ion_mobile,11,10,3,li_ion_mobile_run58/pipeline.mp4
59,li_ion_mobile,41,40,16,li_ion_mobile_run59/pipeline.mp4
60,liso2,21,15,1,liso2_run60/pipeline.mp4
61,liso2,2,2,0,liso2_run61/pipeline.mp4
62,liso2,4,3,0,liso2_run62/pipeline.mp4
63,liso2,0,0,0,liso2_run63/pipeline.mp4
64,liso2,13,13,1,liso2_run64/pipeline.mp4
65,liso2,3,3,0,liso2_run65/pipeline.mp4
66,liso2,6,6,0,liso2_run66/pipeline.mp4
67,ni_cd_bulk,3,3,2,ni_cd_bulk_run67/pipeline.mp4
68,ni_cd_bulk,1,0,0,ni_cd_bulk_run68/pipeline.mp4
69,ni_cd_bulk,2,2,0,ni_cd_bulk_run69/pipeline.mp4
70,ni_cd_bulk,2,2,0,ni_cd_bulk_run70/pipeline.mp4
71,ni_cd_bulk,2,2,0,ni_cd_bulk_run71/pipeline.mp4
72,ni_cd_bulk,2,2,2,ni_cd_bulk_run72/pipeline.mp4
73,ni_cd_bulk,0,0,0,ni_cd_bulk_run73/pipeline.mp4
74,ni_cd_bulk,2,2,0,ni_cd_bulk_run74/pipeline.mp4
75,ni_cd_bulk,2,2,0,ni_cd_bulk_run75/pipeline.mp4
76,ni_cd_bulk,2,2,1,ni_cd_bulk_run76/pipeline.mp4
77,ni_cd_bulk,3,3,1,ni_cd_bulk_run77/pipeline.mp4
78,ni_cd_bulk,0,0,0,ni_cd_bulk_run78/pipeline.mp4
79,ni_cd_bulk,9,9,2,ni_cd_bulk_run79/pipeline.mp4
80,ni_cd_bulk,8,7,2,ni_cd_bulk_run80/pipeline.mp4
81,ni_cd_bulk,5,5,0,ni_cd_bulk_run81/pipeline.mp4
82,ni_cd_bulk,6,6,1,ni_cd_bulk_run82/pipeline.mp4
83,ni_cd_bulk,3,3,2,ni_cd_bulk_run83/pipeline.mp4
84,ni_cd_bulk,3,3,2,ni_cd_bulk_run84/pipeline.mp4
85,ni_cd_bulk,3,3,0,ni_cd_bulk_run85/pipeline.mp4
86,ni_cd_bulk,5,5,0,ni_cd_bulk_run86/pipeline.mp4
87,ni_cd_bulk,4,4,1,ni_cd_bulk_run87/pipeline.mp4
88,ni_cd_bulk,4,4,1,ni_cd_bulk_run88/pipeline.mp4
89,ni_cd_bulk,6,4,1,ni_cd_bulk_run89/pipeline.mp4
90,ni_cd_small,2,2,0,ni_cd_small_run90/pipeline.mp4
91,ni_cd_small,4,3,0,ni_cd_small_run91/pipeline.mp4
92,ni_cd_small,7,7,0,ni_cd_small_run92/pipeline.mp4
93,ni_cd_small,1,1,0,ni_cd_small_run93/pipeline.mp4
94,ni_cd_small,8,5,0,ni_cd_small_run94/pipeline.mp4
95,ni_cd_small,5,5,0,ni_cd_small_run95/pipeline.mp4
96,ni_cd_small,9,5,0,ni_cd_small_run96/pipeline.mp4
97,ni_cd_small,10,7,0,ni_cd_small_run97/pipeline.mp4
98,ni_cd_small,3,3,0,ni_cd_small_run98/pipeline.mp4
99,ni_mh_all,0,0,0,ni_mh_all_run99/pipeline.mp4
100,ni_mh_all,15,13,0,ni_mh_all_run100/pipeline.mp4
101,ni_mh_all,12,9,0,ni_mh_all_run101/pipeline.mp4
102,ni_mh_all,4,4,0,ni_mh_all_run102/pipeline.mp4
