crop,track_id,label,manufacturer,chemistry,model,voltage,capacity,marks,n_chars
li_ion_laptop__run10__id001_c0.96.jpg,1,li_ion_laptop,"Huawei","Li-ion","HB497689ECW","3.7V","2200mAh","CE;RoHS",49
li_ion_laptop__run10__id002_c0.89.jpg,2,li_ion_laptop,"","Li-ion","","11.55V","41Wh","CE;WEEE",29
li_ion_laptop__run10__id004_c0.95.jpg,4,li_ion_laptop,"","Li-ion","","3.7V","2200mAh","CE;WEEE",37
li_ion_laptop__run11__id001_c0.94.jpg,1,li_ion_laptop,"Dell","Li-ion","MWE5E","11.55V","41Wh","CE;WEEE",47
li_ion_laptop__run11__id002_c0.94.jpg,2,li_ion_laptop,"","Li-ion","Y0702","11.55V","3600mAh","CE;RoHS",41
li_ion_laptop__run11__id003_c0.93.jpg,3,li_ion_laptop,"","Li-ion","","11.55V","41Wh","CE;WEEE",24
li_ion_laptop__run11__id004_c0.89.jpg,4,li_ion_laptop,"","Li-ion","V7100","11.55V","41Wh","CE;WEEE",30
li_ion_laptop__run11__id005_c0.88.jpg,5,li_ion_laptop,"","Li-ion","","3.7V","2600mAh","CE;RoHS",28
li_ion_laptop__run11__id006_c0.90.jpg,6,li_ion_laptop,"","Li-ion","","3.7V","2600mAh","CE;WEEE",28
li_ion_laptop__run11__id014_c0.76.jpg,14,li_ion_laptop,"","Li-ion","","11.55V","41Wh","CE;WEEE",29
li_ion_laptop__run12__id001_c0.94.jpg,1,li_ion_laptop,"Panasonic","Li-ion","BPL03XL","11.55V","3600mAh","CE;WEEE",48
li_ion_laptop__run12__id002_c0.92.jpg,2,li_ion_laptop,"","Li-ion","","11.55V","41Wh","CE;WEEE",29
li_ion_laptop__run12__id003_c0.86.jpg,3,li_ion_laptop,"","Li-ion","","3.7V","2600mAh","CE;RoHS",28
li_ion_laptop__run12__id004_c0.90.jpg,4,li_ion_laptop,"","Li-ion","","11.55V","41Wh","CE;WEEE",29
li_ion_laptop__run12__id005_c0.92.jpg,5,li_ion_laptop,"","Li-ion","","11.55V","41Wh","CE;WEEE",29
li_ion_laptop__run12__id006_c0.92.jpg,6,li_ion_laptop,"","Li-ion","","11.55V","41Wh","CE;WEEE",29
li_ion_laptop__run12__id007_c0.83.jpg,7,li_ion_laptop,"","Li-ion","","3.7V","2600mAh","CE;RoHS",28
li_ion_laptop__run13__id001_c0.94.jpg,1,li_ion_laptop,"Dell","Li-ion","XPS 15 9570","11.55V","41Wh","CE;WEEE",42
li_ion_laptop__run13__id002_c0.91.jpg,2,li_ion_laptop,"","Li-ion","","3.7V","3380mAh","CE;WEEE",25
li_ion_laptop__run13__id003_c0.90.jpg,3,li_ion_laptop,"","Li-ion","0C62","11.55V","3600mAh","CE;WEEE",31
li_ion_laptop__run13__id004_c0.79.jpg,4,li_ion_laptop,"","Li-ion","S4100","11.55V","41Wh","CE;WEEE;UL;RoHS",36
li_ion_laptop__run13__id018_c0.81.jpg,18,li_ion_laptop,"Dell","Li-ion","52WH","11.55V","52Wh","CE;WEEE",32
li_ion_laptop__run14__id001_c0.93.jpg,1,li_ion_laptop,"","Li-ion","","11.55V","41Wh","CE;WEEE",24
li_ion_laptop__run14__id002_c0.93.jpg,2,li_ion_laptop,"Dell","Li-ion","0P278","11.55V","41Wh","CE;WEEE;UL;RoHS",39
li_ion_laptop__run14__id003_c0.93.jpg,3,li_ion_laptop,"","Li-ion","","11.55V","41Wh","CE;WEEE",33
li_ion_laptop__run14__id004_c0.89.jpg,4,li_ion_laptop,"","Li-ion","","11.55V","41Wh","CE;WEEE",29
li_ion_laptop__run14__id005_c0.86.jpg,5,li_ion_laptop,"","Li-ion","","3.7V","2600mAh","CE;RoHS",31
li_ion_laptop__run14__id007_c0.84.jpg,7,li_ion_laptop,"","Li-ion","","3.7V","2600mAh","CE;RoHS",28
li_ion_laptop__run14__id008_c0.93.jpg,8,li_ion_laptop,"","","","","","CE;WEEE",11
li_ion_laptop__run14__id009_c0.91.jpg,9,li_ion_laptop,"","Li-ion","","11.55V","41Wh","CE;WEEE",29
li_ion_laptop__run14__id017_c0.79.jpg,17,li_ion_laptop,"","Li-ion","","11.55V","3600mAh","CE;WEEE",35
li_ion_laptop__run14__id018_c0.89.jpg,18,li_ion_laptop,"","Li-ion","","11.55V","3600mAh","CE;WEEE",35
li_ion_laptop__run15__id001_c0.94.jpg,1,li_ion_laptop,"","Li-ion","","11.55V","41Wh","CE;WEEE;RoHS",60
li_ion_laptop__run15__id002_c0.92.jpg,2,li_ion_laptop,"","Li-ion","","11.55V","3600mAh","CE;WEEE",35
li_ion_laptop__run15__id003_c0.77.jpg,3,li_ion_laptop,"","Li-ion","","3.7V","2600mAh","CE;RoHS",31
li_ion_laptop__run15__id004_c0.91.jpg,4,li_ion_laptop,"","Li-ion","","3.7V","2600mAh","CE;WEEE",31
li_ion_laptop__run15__id005_c0.93.jpg,5,li_ion_laptop,"Dell","Li-ion","29WHU","11.55V","41Wh","CE;RoHS",33
li_ion_laptop__run15__id006_c0.93.jpg,6,li_ion_laptop,"","Li-ion","","3.7V","2600mAh","CE;RoHS",31
li_ion_laptop__run15__id008_c0.95.jpg,8,li_ion_laptop,"","Li-ion","","11.55V","41Wh","CE;WEEE",22
li_ion_laptop__run15__id009_c0.92.jpg,9,li_ion_laptop,"","Li-ion","","11.55V","41Wh","CE;WEEE",27
li_ion_laptop__run15__id011_c0.63.jpg,11,li_ion_laptop,"HP","Li-ion","L12M3Y01","11.55V","41Wh","CE;WEEE;UL;RoHS;recycle",45
li_ion_laptop__run16__id001_c0.93.jpg,1,li_ion_laptop,"","Li-ion","","11.55V","3600mAh","CE;WEEE;UL;RoHS;recycle",48
li_ion_laptop__run16__id003_c0.94.jpg,3,li_ion_laptop,"","Li-ion","","11.55V","41Wh","CE;WEEE",27
li_ion_laptop__run16__id004_c0.93.jpg,4,li_ion_laptop,"","Li-ion","","3.7V","2600mAh","CE;WEEE",31
li_ion_laptop__run16__id005_c0.94.jpg,5,li_ion_laptop,"","Li-ion","","11.55V","41Wh","CE;WEEE",24
li_ion_laptop__run17__id001_c0.89.jpg,1,li_ion_laptop,"DELL","Li-ion","P42F48","11.55V","41Wh","CE;WEEE;RoHS",58
li_ion_laptop__run17__id002_c0.92.jpg,2,li_ion_laptop,"","Li-ion","","11.55V","3600mAh","CE;WEEE",27
li_ion_laptop__run17__id003_c0.92.jpg,3,li_ion_laptop,"","Li-ion","","11.55V","41Wh","CE;WEEE",27
li_ion_laptop__run17__id006_c0.85.jpg,6,li_ion_laptop,"","Li-ion","","3.7V","2600mAh","CE;RoHS",25
li_ion_laptop__run17__id007_c0.91.jpg,7,li_ion_laptop,"","Li-ion","","11.55V","41Wh","CE;WEEE;UL;RoHS",33
li_ion_laptop__run17__id009_c0.89.jpg,9,li_ion_laptop,"DELL","Li-ion","","11.55V","3600mAh","CE;WEEE",31
li_ion_laptop__run17__id010_c0.91.jpg,10,li_ion_laptop,"","Li-ion","","11.55V","3600mAh","CE;WEEE",35
li_ion_laptop__run19__id001_c0.92.jpg,1,li_ion_laptop,"","Li-ion","","11.55V","41Wh","CE;WEEE",24
li_ion_laptop__run19__id002_c0.92.jpg,2,li_ion_laptop,"","Li-ion","DSTT","11.55V","45Wh","CE;WEEE",28
li_ion_laptop__run19__id003_c0.92.jpg,3,li_ion_laptop,"","Li-ion","","11.55V","3600mAh","CE;WEEE",26
li_ion_laptop__run19__id004_c0.94.jpg,4,li_ion_laptop,"","Li-ion","","11.55V","41Wh","CE;WEEE",29
li_ion_laptop__run1__id001_c0.89.jpg,1,li_ion_laptop,"","Li-ion","","11.55V","41Wh","CE;WEEE",24
li_ion_laptop__run20__id001_c0.94.jpg,1,li_ion_laptop,"","Li-ion","","11.55V","41Wh","CE;WEEE;RoHS",26
li_ion_laptop__run20__id002_c0.94.jpg,2,li_ion_laptop,"","Li-ion","","11.55V","41Wh","CE;WEEE",27
li_ion_laptop__run20__id003_c0.94.jpg,3,li_ion_laptop,"","Li-ion","12000855","11.55V","3600mAh","CE;WEEE",39
li_ion_laptop__run20__id005_c0.94.jpg,5,li_ion_laptop,"","Li-ion","L-1011","11.55V","3600mAh","CE;WEEE;UL;RoHS;recycle",46
li_ion_laptop__run2__id002_c0.92.jpg,2,li_ion_laptop,"Dell","Li-ion","","11.1V","4400mAh","CE;WEEE",30
li_ion_laptop__run2__id006_c0.90.jpg,6,li_ion_laptop,"","Li-ion","","11.55V","41Wh","CE;WEEE",29
li_ion_laptop__run3__id001_c0.89.jpg,1,li_ion_laptop,"Dell","Li-ion","25Wh","11.55V","3600mAh","CE;WEEE",35
li_ion_laptop__run3__id002_c0.93.jpg,2,li_ion_laptop,"","Li-ion","","11.55V","41Wh","CE;WEEE;RoHS",26
li_ion_laptop__run3__id004_c0.94.jpg,4,li_ion_laptop,"","Li-ion","","3.7V","2600mAh","CE;RoHS",31
li_ion_laptop__run3__id010_c0.92.jpg,10,li_ion_laptop,"","Li-ion","","11.55V","3600mAh","CE;WEEE",35
li_ion_laptop__run3__id015_c0.94.jpg,15,li_ion_laptop,"","Li-ion","","3.7V","2600mAh","CE;WEEE",24
li_ion_laptop__run4__id001_c0.95.jpg,1,li_ion_laptop,"","Li-ion","GT-10U","11.55V","3600mAh","CE;RoHS",33
li_ion_laptop__run4__id003_c0.94.jpg,3,li_ion_laptop,"","Li-ion","","11.55V","41Wh","CE;WEEE",24
li_ion_laptop__run4__id008_c0.88.jpg,8,li_ion_laptop,"","Li-ion","","11.55V","3600mAh","CE;WEEE",27
li_ion_laptop__run4__id011_c0.93.jpg,11,li_ion_laptop,"","Li-ion","","11.55V","41Wh","CE;RoHS",22
li_ion_laptop__run4__id013_c0.89.jpg,13,li_ion_laptop,"","Li-ion","LX6092","11.55V","3600mAh","CE;RoHS",35
li_ion_laptop__run4__id017_c0.93.jpg,17,li_ion_laptop,"","Li-ion","B403XT","11.55V","41Wh","CE;WEEE",32
li_ion_laptop__run5__id001_c0.93.jpg,1,li_ion_laptop,"","Li-ion","","11.55V","41Wh","CE;RoHS;Recycle",40
li_ion_laptop__run5__id002_c0.93.jpg,2,li_ion_laptop,"","Li-ion","","11.55V","41Wh","CE;WEEE",23
li_ion_laptop__run5__id008_c0.93.jpg,8,li_ion_laptop,"","Li-ion","","11.55V","41Wh","CE;WEEE",29
li_ion_laptop__run5__id012_c0.95.jpg,12,li_ion_laptop,"","Li-ion","TT-100","11.55V","3600mAh","CE;WEEE",33
li_ion_laptop__run5__id026_c0.88.jpg,26,li_ion_laptop,"","Li-ion","A32-L750","11.55V","41Wh","CE;WEEE",34
li_ion_laptop__run6__id001_c0.93.jpg,1,li_ion_laptop,"","Li-ion","","11.55V","41Wh","CE;WEEE",24
li_ion_laptop__run6__id002_c0.93.jpg,2,li_ion_laptop,"","Li-ion","","11.55V","41Wh","CE;WEEE;UL;RoHS;recycle",42
li_ion_laptop__run6__id003_c0.94.jpg,3,li_ion_laptop,"","Li-ion","","11.55V","41Wh","CE;WEEE",24
li_ion_laptop__run6__id006_c0.94.jpg,6,li_ion_laptop,"DELL","Li-ion","A7MW","11.55V","41Wh","CE;WEEE",50
li_ion_laptop__run7__id001_c0.91.jpg,1,li_ion_laptop,"","Li-ion","DSTT","11.55V","35Wh","CE;WEEE",28
li_ion_laptop__run7__id003_c0.69.jpg,3,li_ion_laptop,"","Li-ion","D420","11.55V","3600mAh","CE;WEEE",31
li_ion_laptop__run7__id004_c0.93.jpg,4,li_ion_laptop,"","Li-ion","","12.0V","3600mAh","CE;WEEE",26
li_ion_laptop__run7__id007_c0.92.jpg,7,li_ion_laptop,"","Li-ion","","11.55V","41Wh","CE;WEEE",29
li_ion_laptop__run8__id001_c0.92.jpg,1,li_ion_laptop,"Dell","Li-ion","MW590","11.55V","41Wh","CE;WEEE",33
li_ion_laptop__run8__id002_c0.90.jpg,2,li_ion_laptop,"DELL","Li-ion","UW883","11.55V","41Wh","CE;WEEE",33
li_ion_laptop__run8__id004_c0.91.jpg,4,li_ion_laptop,"","Li-ion","","11.55V","41Wh","CE;WEEE;UL;RoHS",35
li_ion_laptop__run8__id006_c0.93.jpg,6,li_ion_laptop,"Dell","Li-ion","J4N0927","11.55V","35Wh","CE;WEEE",35
li_ion_laptop__run9__id001_c0.93.jpg,1,li_ion_laptop,"","Li-ion","PBTT","18.5V","3600mAh","CE;WEEE",41
li_ion_laptop__run9__id002_c0.92.jpg,2,li_ion_laptop,"","Li-ion","","11.55V","3600mAh","CE;WEEE",27
li_ion_laptop__run9__id004_c0.90.jpg,4,li_ion_laptop,"","Li-ion","","3.7V","2600mAh","CE;RoHS",31
li_ion_laptop__run9__id005_c0.89.jpg,5,li_ion_laptop,"TST","Li-ion","Z524","11.55V","3600mAh","CE;WEEE;RoHS",53
li_ion_mobile__run21__id001_c0.95.jpg,1,li_ion_mobile,"","Li-ion","","3.7V","2600mAh","CE;RoHS",31
li_ion_mobile__run22__id001_c0.95.jpg,1,li_ion_mobile,"Samsung","Li-ion","EB-BG920ABE","3.7V","3000mAh","CE;RoHS",48
li_ion_mobile__run22__id002_c0.94.jpg,2,li_ion_mobile,"","Li-ion","","11.55V","41Wh","CE;WEEE",23
li_ion_mobile__run22__id026_c0.94.jpg,26,li_ion_mobile,"","Li-ion","","3.7V","2600mAh","CE;RoHS",31
li_ion_mobile__run23__id001_c0.96.jpg,1,li_ion_mobile,"","Li-ion","YB17T2A8","11.55V","3600mAh","CE",52
li_ion_mobile__run23__id002_c0.91.jpg,2,li_ion_mobile,"","Li-ion","","3.7V","2600mAh","UL;RoHS",33
li_ion_mobile__run23__id003_c0.90.jpg,3,li_ion_mobile,"","Li-ion","","3.7V","2600mAh","CE;RoHS",24
li_ion_mobile__run24__id001_c0.93.jpg,1,li_ion_mobile,"","Li-ion","","3.7V","2600mAh","UL;RoHS",26
li_ion_mobile__run24__id002_c0.94.jpg,2,li_ion_mobile,"","Li-ion","","3.7V","3200mAh","X",20
li_ion_mobile__run24__id016_c0.94.jpg,16,li_ion_mobile,"","Li-ion","","11.55V","41Wh","CE;WEEE",29
li_ion_mobile__run25__id001_c0.96.jpg,1,li_ion_mobile,"","Li-ion","","3.7V","2600mAh","CE;WEEE",27
li_ion_mobile__run25__id002_c0.92.jpg,2,li_ion_mobile,"","Li-ion","","11.55V","41Wh","CE;WEEE",29
li_ion_mobile__run26__id001_c0.95.jpg,1,li_ion_mobile,"","Li-ion","","3.7V","2600mAh","CE;WEEE",31
li_ion_mobile__run27__id001_c0.94.jpg,1,li_ion_mobile,"","Li-ion","11.55V 21Ah","11.55V","21Ah","UL;RoHS",247
li_ion_mobile__run27__id002_c0.92.jpg,2,li_ion_mobile,"","Li-ion","","3.7V","2600mAh","CE;RoHS",31
li_ion_mobile__run28__id001_c0.95.jpg,1,li_ion_mobile,"","Li-ion","","3.7V","2600mAh","UL;RoHS",28
li_ion_mobile__run28__id002_c0.93.jpg,2,li_ion_mobile,"","Li-ion","","3.7V","2600mAh","UL;RoHS",28
li_ion_mobile__run29__id001_c0.95.jpg,1,li_ion_mobile,"","Li-ion","","11.55V","41Wh","CE;WEEE",29
li_ion_mobile__run29__id002_c0.96.jpg,2,li_ion_mobile,"SUNG","Li-ion","","3.7V","2800mAh","CE",25
li_ion_mobile__run30__id001_c0.92.jpg,1,li_ion_mobile,"","Li-ion","","3.7V","2600mAh","CE;RoHS",31
li_ion_mobile__run31__id001_c0.95.jpg,1,li_ion_mobile,"","Li-ion","","11.55V","41Wh","CE;WEEE",29
li_ion_mobile__run31__id002_c0.94.jpg,2,li_ion_mobile,"","Li-ion","","11.55V","41Wh","CE;WEEE",29
li_ion_mobile__run31__id003_c0.94.jpg,3,li_ion_mobile,"","Li-ion","","11.55V","41Wh","CE;WEEE",29
li_ion_mobile__run31__id004_c0.81.jpg,4,li_ion_mobile,"","Li-ion","","3.7V","2600mAh","CE;RoHS",28
li_ion_mobile__run31__id005_c0.67.jpg,5,li_ion_mobile,"","Li-ion","","3.7V","2600mAh","CE;RoHS",28
li_ion_mobile__run31__id006_c0.48.jpg,6,li_ion_mobile,"","Li-ion","","3.7V","2600mAh","CE;RoHS",28
li_ion_mobile__run31__id007_c0.40.jpg,7,li_ion_mobile,"","Li-ion","","3.7V","2600mAh","CE;RoHS",28
li_ion_mobile__run31__id008_c0.39.jpg,8,li_ion_mobile,"","Li-ion","","3.7V","2600mAh","CE;RoHS",28
li_ion_mobile__run31__id009_c0.32.jpg,9,li_ion_mobile,"","Li-ion","","3.7V","2600mAh","CE;RoHS",28
li_ion_mobile__run31__id032_c0.92.jpg,32,li_ion_mobile,"","Li-ion","","3.7V","2600mAh","CE;RoHS",28
li_ion_mobile__run31__id038_c0.94.jpg,38,li_ion_mobile,"","Li-ion","","3.7V","2600mAh","CE;RoHS",26
li_ion_mobile__run31__id044_c0.94.jpg,44,li_ion_mobile,"","Li-ion","","3.7V","2600mAh","CE",24
li_ion_mobile__run31__id049_c0.94.jpg,49,li_ion_mobile,"","Li-ion","","3.7V","2000mAh","CE",24
li_ion_mobile__run31__id054_c0.94.jpg,54,li_ion_mobile,"","Li-ion","","3.7V","2600mAh","CE;RoHS",31
li_ion_mobile__run31__id059_c0.94.jpg,59,li_ion_mobile,"","Li-ion","","3.7V","2600mAh","CE;WEEE",24
li_ion_mobile__run31__id063_c0.94.jpg,63,li_ion_mobile,"","Li-ion","","3.7V","2600mAh","CE;RoHS",24
li_ion_mobile__run32__id001_c0.95.jpg,1,li_ion_mobile,"","Li-ion","","3.7V","2600mAh","UL;RoHS",31
li_ion_mobile__run32__id002_c0.95.jpg,2,li_ion_mobile,"","Li-ion","","11.55V","41Wh","CE;WEEE",29
li_ion_mobile__run32__id037_c0.94.jpg,37,li_ion_mobile,"","Li-ion","","11.55V","41Wh","CE;WEEE",23
li_ion_mobile__run32__id040_c0.94.jpg,40,li_ion_mobile,"","Li-ion","","11.55V","41Wh","CE;WEEE",29
li_ion_mobile__run32__id045_c0.95.jpg,45,li_ion_mobile,"","Li-ion","","11.55V","41Wh","CE;WEEE",29
li_ion_mobile__run32__id055_c0.95.jpg,55,li_ion_mobile,"","Li-ion","","3.7V","2600mAh","CE;RoHS",28
li_ion_mobile__run33__id001_c0.95.jpg,1,li_ion_mobile,"","Li-ion","","3.7V","2600mAh","CE;RoHS",28
li_ion_mobile__run33__id002_c0.95.jpg,2,li_ion_mobile,"","Li-ion","","11.55V","3600mAh","CE;WEEE",35
li_ion_mobile__run33__id003_c0.75.jpg,3,li_ion_mobile,"","Li-ion","","3.7V","2600mAh","CE;WEEE",28
li_ion_mobile__run33__id011_c0.93.jpg,11,li_ion_mobile,"","Li-ion","","3.7V","2600mAh","CE;RoHS",28
li_ion_mobile__run33__id018_c0.94.jpg,18,li_ion_mobile,"","Li-ion","","11.55V","41Wh","CE;WEEE",29
li_ion_mobile__run33__id026_c0.96.jpg,26,li_ion_mobile,"","Li-ion","","11.55V","41Wh","CE;WEEE",29
li_ion_mobile__run33__id035_c0.96.jpg,35,li_ion_mobile,"","Li-ion","","11.55V","41Wh","CE;WEEE",29
li_ion_mobile__run33__id042_c0.95.jpg,42,li_ion_mobile,"","Li-ion","","11.55V","41Wh","CE;WEEE",29
li_ion_mobile__run33__id052_c0.95.jpg,52,li_ion_mobile,"","Li-ion","","11.55V","41Wh","CE;WEEE",29
li_ion_mobile__run33__id058_c0.95.jpg,58,li_ion_mobile,"","Li-ion","","11.55V","41Wh","CE;WEEE",29
li_ion_mobile__run33__id064_c0.95.jpg,64,li_ion_mobile,"","Li-ion","","11.55V","41Wh","CE;WEEE",29
li_ion_mobile__run33__id070_c0.76.jpg,70,li_ion_mobile,"","Li-ion","","3.7V","2600mAh","CE;RoHS",28
li_ion_mobile__run34__id001_c0.96.jpg,1,li_ion_mobile,"","Li-ion","","3.7V","2600mAh","CE;RoHS",28
li_ion_mobile__run34__id002_c0.96.jpg,2,li_ion_mobile,"","Li-ion","","3.7V","2600mAh","UL;RoHS",26
li_ion_mobile__run35__id001_c0.94.jpg,1,li_ion_mobile,"","Li-ion","","3.7V","2600mAh","CE;WEEE",28
li_ion_mobile__run36__id001_c0.95.jpg,1,li_ion_mobile,"","Li-ion","","3.7V","2600mAh","CE;RoHS",28
li_ion_mobile__run36__id002_c0.95.jpg,2,li_ion_mobile,"","Li-ion","","3.7V","2600mAh","CE;RoHS",31
li_ion_mobile__run36__id003_c0.95.jpg,3,li_ion_mobile,"","Li-ion","","3.7V","2600mAh","CE;RoHS",28
li_ion_mobile__run37__id001_c0.96.jpg,1,li_ion_mobile,"","Li-ion","","3.75V","3750mAh","CE;RoHS",25
li_ion_mobile__run38__id001_c0.94.jpg,1,li_ion_mobile,"","Li-ion","","3.7V","2600mAh","CE;WEEE",31
li_ion_mobile__run39__id001_c0.95.jpg,1,li_ion_mobile,"","Li-ion","","3.7V","2600mAh","CE;RoHS",29
li_ion_mobile__run40__id001_c0.96.jpg,1,li_ion_mobile,"","Li-ion","","3.7V","2600mAh","CE;RoHS",26
li_ion_mobile__run40__id003_c0.94.jpg,3,li_ion_mobile,"","Li-ion","","3.7V","2600mAh","CE;RoHS",31
li_ion_mobile__run40__id008_c0.95.jpg,8,li_ion_mobile,"","Li-ion","","3.7V","2600mAh","CE;RoHS",28
li_ion_mobile__run40__id011_c0.95.jpg,11,li_ion_mobile,"","Li-ion","","3.7V","2200mAh","CE;WEEE",28
li_ion_mobile__run40__id016_c0.96.jpg,16,li_ion_mobile,"","Li-ion","","3.7V","2800mAh","UL;RoHS",24
li_ion_mobile__run40__id017_c0.95.jpg,17,li_ion_mobile,"","","","","","CE",9
li_ion_mobile__run40__id023_c0.95.jpg,23,li_ion_mobile,"SAMSUNG","Li-ion","","3.7V","2600mAh","CE;RoHS",35
li_ion_mobile__run40__id028_c0.95.jpg,28,li_ion_mobile,"","Li-ion","","3.7V","2600mAh","CE;RoHS",31
li_ion_mobile__run40__id029_c0.96.jpg,29,li_ion_mobile,"Samsung","Li-ion","","3.7V","2800mAh","CE",31
li_ion_mobile__run40__id036_c0.96.jpg,36,li_ion_mobile,"Samsung","Li-ion","","3.7V","2800mAh","CE;RoHS",35
li_ion_mobile__run40__id037_c0.92.jpg,37,li_ion_mobile,"","Li-ion","","3.7V","2600mAh","CE;RoHS",28
li_ion_mobile__run40__id042_c0.96.jpg,42,li_ion_mobile,"","Li-ion","","3.7V","2200mAh","CE;WEEE",28
li_ion_mobile__run40__id047_c0.96.jpg,47,li_ion_mobile,"","Li-ion","","3.7V","2600mAh","CE;RoHS",28
li_ion_mobile__run40__id048_c0.96.jpg,48,li_ion_mobile,"SWMSONG","Li-ion","C88","3.7V","2600mAh","CE",34
li_ion_mobile__run40__id050_c0.96.jpg,50,li_ion_mobile,"","Li-ion","","11.55V","3600mAh","CE;RoHS",26
li_ion_mobile__run40__id054_c0.96.jpg,54,li_ion_mobile,"Samsung","Li-ion","EB-BG920ABE","3.8V","3000mAh","CE;WEEE",45
li_ion_mobile__run40__id060_c0.96.jpg,60,li_ion_mobile,"SWMSONE","Li-ion","C698","3.7V","2600mAh","CE",35
li_ion_mobile__run40__id065_c0.96.jpg,65,li_ion_mobile,"Samsung","Li-ion","","3.7V","3200mAh","CE;RoHS",35
li_ion_mobile__run40__id070_c0.96.jpg,70,li_ion_mobile,"SVM SUNE","Li-ion","","3.7V","2200mAh","CE",31
li_ion_mobile__run40__id075_c0.96.jpg,75,li_ion_mobile,"","Li-ion","C68","3.7V","2600mAh","CE",27
li_ion_mobile__run40__id079_c0.96.jpg,79,li_ion_mobile,"Samsung","Li-ion","","3.7V","2600mAh","CE",31
li_ion_mobile__run40__id084_c0.96.jpg,84,li_ion_mobile,"Samsung","Li-ion","","3.7V","2200mAh","CE;RoHS",35
li_ion_mobile__run40__id088_c0.96.jpg,88,li_ion_mobile,"SVMsung","Li-ion","","3.7V","2600mAh","CE",31
li_ion_mobile__run40__id094_c0.93.jpg,94,li_ion_mobile,"","Li-ion","","3.7V","2600mAh","CE;RoHS",31
li_ion_mobile__run41__id001_c0.95.jpg,1,li_ion_mobile,"","Li-ion","","11.55V","3600mAh","UL;RoHS",26
li_ion_mobile__run41__id002_c0.95.jpg,2,li_ion_mobile,"","Li-ion","","11.55V","41Wh","CE;WEEE",24
li_ion_mobile__run41__id003_c0.96.jpg,3,li_ion_mobile,"","Li-ion","","3.7V","2600mAh","CE;RoHS",28
li_ion_mobile__run41__id004_c0.96.jpg,4,li_ion_mobile,"","Li-ion","","11.55V","3600mAh","CE;WEEE",28
li_ion_mobile__run41__id005_c0.94.jpg,5,li_ion_mobile,"","Li-ion","","3.7V","2600mAh","CE;WEEE",31
li_ion_mobile__run41__id006_c0.96.jpg,6,li_ion_mobile,"","Li-ion","","11.55V","41Wh","CE;WEEE",29
li_ion_mobile__run41__id008_c0.84.jpg,8,li_ion_mobile,"","Li-ion","","3.7V","2600mAh","CE;RoHS",31
li_ion_mobile__run41__id009_c0.96.jpg,9,li_ion_mobile,"","Li-ion","","3.7V","2600mAh","CE;WEEE",24
li_ion_mobile__run41__id011_c0.93.jpg,11,li_ion_mobile,"","Li-ion","","3.7V","2600mAh","CE;WEEE",31
li_ion_mobile__run41__id014_c0.95.jpg,14,li_ion_mobile,"","Li-ion","","3.7V","2600mAh","CE;RoHS",28
li_ion_mobile__run41__id034_c0.94.jpg,34,li_ion_mobile,"","Li-ion","","11.55V","3600mAh","UL;RoHS",28
li_ion_mobile__run42__id001_c0.95.jpg,1,li_ion_mobile,"Samsung","Li-ion","2VMSU","11.55V","3600mAh","CE;WEEE",40
li_ion_mobile__run42__id002_c0.96.jpg,2,li_ion_mobile,"anusmies","Li-ion","","3.7V","2800mAh","CE",35
li_ion_mobile__run42__id004_c0.95.jpg,4,li_ion_mobile,"","Li-ion","","3.7V","2200mAh","CE;RoHS",31
li_ion_mobile__run42__id006_c0.95.jpg,6,li_ion_mobile,"Samsung","Li-ion","","3.7V","2900mAh","CE;RoHS",35
li_ion_mobile__run42__id008_c0.96.jpg,8,li_ion_mobile,"","Li-ion","","3.7V","2200mAh","CE;WEEE",31
li_ion_mobile__run43__id001_c0.95.jpg,1,li_ion_mobile,"Samsung","Li-ion","","3.7V","2600mAh","CE;RoHS",35
li_ion_mobile__run43__id002_c0.94.jpg,2,li_ion_mobile,"","Li-ion","","3.7V","2900mAh","CE;WEEE",31
li_ion_mobile__run43__id004_c0.96.jpg,4,li_ion_mobile,"","Li-ion","","3.7V","2600mAh","UL;RoHS",31
li_ion_mobile__run43__id007_c0.96.jpg,7,li_ion_mobile,"","Li-ion","","11.55V","41Wh","CE;WEEE",29
li_ion_mobile__run43__id010_c0.95.jpg,10,li_ion_mobile,"","Li-ion","","3.7V","2600mAh","CE;WEEE",24
li_ion_mobile__run43__id012_c0.95.jpg,12,li_ion_mobile,"","Li-ion","","11.55V","41Wh","CE;WEEE",26
li_ion_mobile__run43__id016_c0.96.jpg,16,li_ion_mobile,"","Li-ion","","3.7V","3150mAh","CE;WEEE",28
li_ion_mobile__run43__id017_c0.93.jpg,17,li_ion_mobile,"","Li-ion","","3.7V","2600mAh","CE;RoHS",31
li_ion_mobile__run43__id020_c0.96.jpg,20,li_ion_mobile,"","Li-ion","","3.7V","2600mAh","CE;RoHS",31
li_ion_mobile__run43__id021_c0.94.jpg,21,li_ion_mobile,"","Li-ion","","3.7V","2600mAh","CE;RoHS",28
li_ion_mobile__run44__id001_c0.95.jpg,1,li_ion_mobile,"","Li-ion","","3.7V","2600mAh","UL;RoHS",31
li_ion_mobile__run44__id007_c0.94.jpg,7,li_ion_mobile,"","Li-ion","","3.7V","2600mAh","CE;RoHS",31
li_ion_mobile__run44__id015_c0.93.jpg,15,li_ion_mobile,"","Li-ion","","11.55V","41Wh","CE;WEEE;UL;RoHS;recycle",36
li_ion_mobile__run44__id020_c0.95.jpg,20,li_ion_mobile,"","Li-ion","","3.7V","2600mAh","CEA;UL",23
li_ion_mobile__run44__id036_c0.93.jpg,36,li_ion_mobile,"","Li-ion","","3.7V","2600mAh","CE;RoHS",31
li_ion_mobile__run44__id099_c0.89.jpg,99,li_ion_mobile,"","Li-ion","","3.7V","2600mAh","CE;RoHS",28
li_ion_mobile__run44__id112_c0.94.jpg,112,li_ion_mobile,"","Li-ion","","3.7V","2600mAh","CE;RoHS",31
li_ion_mobile__run45__id001_c0.95.jpg,1,li_ion_mobile,"Samsung","Li-ion","","3.7V","2600mAh","CE;WEEE",35
li_ion_mobile__run45__id005_c0.96.jpg,5,li_ion_mobile,"Huawei","Li-ion","BLC12","3.7V","3000mAh","CE;RoHS",37
li_ion_mobile__run45__id009_c0.94.jpg,9,li_ion_mobile,"","Li-ion","","11.55V","3600mAh","CE;WEEE",35
li_ion_mobile__run45__id013_c0.96.jpg,13,li_ion_mobile,"","Li-ion","B53","11.55V","3600mAh","CE;WEEE",29
li_ion_mobile__run45__id021_c0.94.jpg,21,li_ion_mobile,"","Li-ion","","11.55V","3600mAh","CE",31
li_ion_mobile__run45__id022_c0.96.jpg,22,li_ion_mobile,"","Li-ion","","11.55V","3600mAh","CE;RoHS",35
li_ion_mobile__run45__id083_c0.90.jpg,83,li_ion_mobile,"","Li-ion","","3.7V","2200mAh","CE;WEEE",31
li_ion_mobile__run45__id088_c0.94.jpg,88,li_ion_mobile,"","Li-ion","","3.7V","2600mAh","CE;RoHS",31
li_ion_mobile__run46__id001_c0.95.jpg,1,li_ion_mobile,"Panasonic","Li-ion","NCR18650B","3.7V","3400mAh","CE;RoHS",57
li_ion_mobile__run46__id002_c0.94.jpg,2,li_ion_mobile,"","Li-ion","","3.7V","2600mAh","@",25
li_ion_mobile__run46__id006_c0.95.jpg,6,li_ion_mobile,"","Li-ion","","3.7V","2600mAh","UL;RoHS",31
li_ion_mobile__run46__id009_c0.96.jpg,9,li_ion_mobile,"Samsung","Li-ion","","3.7V","2600mAh","UL;RoHS",31
li_ion_mobile__run46__id010_c0.96.jpg,10,li_ion_mobile,"","Li-ion","","3.7V","2600mAh","CE;RoHS",31
li_ion_mobile__run46__id011_c0.96.jpg,11,li_ion_mobile,"","","","","","UL",8
li_ion_mobile__run46__id016_c0.94.jpg,16,li_ion_mobile,"","Li-ion","","3.7V","2600mAh","UL;RoHS",31
li_ion_mobile__run46__id023_c0.93.jpg,23,li_ion_mobile,"","Li-ion","","11.55V","41Wh","CE;WEEE",29
li_ion_mobile__run46__id026_c0.95.jpg,26,li_ion_mobile,"","Li-ion","","3.7V","2600mAh","CE;RoHS",31
li_ion_mobile__run46__id030_c0.91.jpg,30,li_ion_mobile,"","Li-ion","","11.55V","3600mAh","CE;WEEE",35
li_ion_mobile__run47__id001_c0.94.jpg,1,li_ion_mobile,"","Li-ion","","3.7V","2600mAh","CE;RoHS",28
li_ion_mobile__run47__id002_c0.94.jpg,2,li_ion_mobile,"","Li-ion","","3.7V","2600mAh","CE;RoHS",31
li_ion_mobile__run47__id004_c0.95.jpg,4,li_ion_mobile,"","Li-ion","","11.55V","41Wh","CE;WEEE",32
li_ion_mobile__run47__id005_c0.94.jpg,5,li_ion_mobile,"","Li-ion","","3.7V","2600mAh","CE;WEEE",31
li_ion_mobile__run47__id007_c0.91.jpg,7,li_ion_mobile,"","Li-ion","","3.7V","2600mAh","CE;WEEE",26
li_ion_mobile__run47__id010_c0.93.jpg,10,li_ion_mobile,"","Li-ion","","3.7V","2600mAh","CE;RoHS",31
li_ion_mobile__run47__id015_c0.94.jpg,15,li_ion_mobile,"","Li-ion","","3.7V","2600mAh","CE;RoHS",28
li_ion_mobile__run47__id020_c0.94.jpg,20,li_ion_mobile,"","Li-ion","","3.7V","2600mAh","CE;WEEE",31
li_ion_mobile__run47__id075_c0.95.jpg,75,li_ion_mobile,"","Li-ion","","3.7V","2600mAh","CE;RoHS",31
li_ion_mobile__run47__id116_c0.86.jpg,116,li_ion_mobile,"","Li-ion","","11.55V","41Wh","CE;WEEE",29
li_ion_mobile__run47__id117_c0.93.jpg,117,li_ion_mobile,"","Li-ion","","3.7V","2600mAh","CE;WEEE",31
li_ion_mobile__run47__id125_c0.94.jpg,125,li_ion_mobile,"","Li-ion","","3.7V","2600mAh","CE;RoHS",28
li_ion_mobile__run48__id001_c0.95.jpg,1,li_ion_mobile,"","Li-ion","A632","3.7V","3600mAh","CE;WEEE",29
li_ion_mobile__run48__id002_c0.96.jpg,2,li_ion_mobile,"","Li-ion","","3.7V","2600mAh","CE;WEEE",31
li_ion_mobile__run48__id003_c0.95.jpg,3,li_ion_mobile,"SUNWAY","Li-ion","","3.7V","2200mAh","CE;RoHS",33
li_ion_mobile__run48__id004_c0.96.jpg,4,li_ion_mobile,"Samsung","Li-ion","","3.7V","2600mAh","UL;RoHS",35
li_ion_mobile__run48__id005_c0.92.jpg,5,li_ion_mobile,"","Li-ion","","3.7V","2600mAh","UL;RoHS",31
li_ion_mobile__run48__id006_c0.92.jpg,6,li_ion_mobile,"","Li-ion","","3.7V","2600mAh","CE;RoHS",31
li_ion_mobile__run48__id007_c0.95.jpg,7,li_ion_mobile,"","Li-ion","","3.7V","2600mAh","CE;RoHS",31
li_ion_mobile__run48__id021_c0.93.jpg,21,li_ion_mobile,"","Li-ion","","3.7V","2600mAh","CE;RoHS",24
li_ion_mobile__run48__id026_c0.95.jpg,26,li_ion_mobile,"","Li-ion","","3.7V","2600mAh","CE;RoHS",31
li_ion_mobile__run48__id034_c0.96.jpg,34,li_ion_mobile,"","Li-ion","","3.7V","2600mAh","CE",19
li_ion_mobile__run48__id058_c0.96.jpg,58,li_ion_mobile,"","Li-ion","","3.7V","2600mAh","BIFIX",29
li_ion_mobile__run48__id070_c0.88.jpg,70,li_ion_mobile,"","Li-ion","","3.7V","2600mAh","CE;RoHS",28
li_ion_mobile__run49__id001_c0.96.jpg,1,li_ion_mobile,"","Li-ion","","3.7V","2600mAh","CE;RoHS",28
li_ion_mobile__run49__id002_c0.94.jpg,2,li_ion_mobile,"","Li-ion","","3.7V","2600mAh","CE;RoHS",31
li_ion_mobile__run49__id003_c0.44.jpg,3,li_ion_mobile,"","Li-ion","","3.7V","2600mAh","CE;RoHS",28
li_ion_mobile__run49__id004_c0.25.jpg,4,li_ion_mobile,"","Li-ion","","3.7V","2600mAh","CE;RoHS",31
li_ion_mobile__run49__id005_c0.96.jpg,5,li_ion_mobile,"","Li-ion","","3.7V","2600mAh","CE",22
li_ion_mobile__run49__id011_c0.96.jpg,11,li_ion_mobile,"","Li-ion","","11.55V","3600mAh","CE;WEEE",35
li_ion_mobile__run49__id012_c0.90.jpg,12,li_ion_mobile,"","Li-ion","","3.7V","2600mAh","CE;RoHS",28
li_ion_mobile__run49__id015_c0.93.jpg,15,li_ion_mobile,"","Li-ion","","11.55V","41Wh","CE;WEEE",29
li_ion_mobile__run50__id001_c0.95.jpg,1,li_ion_mobile,"","Li-ion","KOSTAUG","3.7V","2600mAh","CE;WEEE",35
li_ion_mobile__run50__id002_c0.94.jpg,2,li_ion_mobile,"","Li-ion","","3.7V","2600mAh","UL;RoHS",31
li_ion_mobile__run50__id005_c0.94.jpg,5,li_ion_mobile,"CISCO","Li-ion","","11.55V","3600mAh","CE;RoHS",33
li_ion_mobile__run50__id006_c0.95.jpg,6,li_ion_mobile,"","Li-ion","","3.7V","2600mAh","CE;RoHS",28
li_ion_mobile__run50__id009_c0.96.jpg,9,li_ion_mobile,"","Li-ion","","3.7V","2600mAh","CE;RoHS",24
li_ion_mobile__run50__id010_c0.94.jpg,10,li_ion_mobile,"","Li-ion","","3.7V","2600mAh","CE;RoHS",28
li_ion_mobile__run50__id018_c0.93.jpg,18,li_ion_mobile,"","Li-ion","","3.7V","2600mAh","CE;RoHS",31
li_ion_mobile__run50__id098_c0.86.jpg,98,li_ion_mobile,"","Li-ion","","3.7V","2600mAh","CE;WEEE",28
li_ion_mobile__run50__id101_c0.94.jpg,101,li_ion_mobile,"","Li-ion","","3.7V","2600mAh","CE;RoHS",31
li_ion_mobile__run50__id108_c0.90.jpg,108,li_ion_mobile,"","Li-ion","","3.7V","2600mAh","UL;RoHS",24
li_ion_mobile__run51__id001_c0.95.jpg,1,li_ion_mobile,"","","","","","",5
li_ion_mobile__run51__id002_c0.95.jpg,2,li_ion_mobile,"","Li-ion","","11.55V","41Wh","CE;WEEE",29
li_ion_mobile__run51__id003_c0.94.jpg,3,li_ion_mobile,"","Li-ion","","3.7V","2600mAh","CE;WEEE",31
li_ion_mobile__run51__id004_c0.92.jpg,4,li_ion_mobile,"","Li-ion","","11.55V","41Wh","CE;WEEE",29
li_ion_mobile__run51__id016_c0.94.jpg,16,li_ion_mobile,"","Li-ion","","11.55V","41Wh","CE;WEEE",29
li_ion_mobile__run51__id018_c0.96.jpg,18,li_ion_mobile,"","Li-ion","BQ-82A2R","3.7V","3400mAh","CE;RoHS",35
li_ion_mobile__run51__id026_c0.95.jpg,26,li_ion_mobile,"","Li-ion","","3.7V","2600mAh","UL;RoHS",24
li_ion_mobile__run51__id083_c0.95.jpg,83,li_ion_mobile,"","Li-ion","","3.7V","2600mAh","CE;RoHS",31
li_ion_mobile__run51__id094_c0.96.jpg,94,li_ion_mobile,"","Li-ion","","3.7V","2600mAh","CE;RoHS",26
li_ion_mobile__run51__id095_c0.95.jpg,95,li_ion_mobile,"","Li-ion","","3.7V","2600mAh","CE;RoHS",28
li_ion_mobile__run51__id101_c0.96.jpg,101,li_ion_mobile,"","Li-ion","","3.7V","2600mAh","CE;RoHS",31
li_ion_mobile__run51__id105_c0.94.jpg,105,li_ion_mobile,"","Li-ion","","3.7V","2200mAh","CE;RoHS",27
li_ion_mobile__run51__id107_c0.94.jpg,107,li_ion_mobile,"","Li-ion","","3.7V","2600mAh","CE;RoHS",28
li_ion_mobile__run51__id109_c0.94.jpg,109,li_ion_mobile,"Samsung","Li-ion","EB-BG920ABE","3.7V","3000mAh","UL;RoHS",48
li_ion_mobile__run51__id110_c0.96.jpg,110,li_ion_mobile,"SAMSUNG","Li-ion","EB-BN920ABE","3.7V","3000mAh","CE;RoHS",45
li_ion_mobile__run51__id119_c0.89.jpg,119,li_ion_mobile,"","Li-ion","","11.55V","41Wh","CE;WEEE",29
li_ion_mobile__run51__id121_c0.94.jpg,121,li_ion_mobile,"","Li-ion","","3.7V","2600mAh","CE;RoHS",24
li_ion_mobile__run51__id122_c0.96.jpg,122,li_ion_mobile,"","Li-ion","","3.7V","2600mAh","CE;RoHS",28
li_ion_mobile__run51__id130_c0.93.jpg,130,li_ion_mobile,"","Li-ion","","3.7V","2600mAh","CE;RoHS",28
li_ion_mobile__run51__id138_c0.93.jpg,138,li_ion_mobile,"","Li-ion","","3.7V","2600mAh","CE;RoHS",28
li_ion_mobile__run51__id139_c0.95.jpg,139,li_ion_mobile,"","Li-ion","","11.55V","41Wh","CE;WEEE",29
li_ion_mobile__run51__id144_c0.94.jpg,144,li_ion_mobile,"","","","","","",5
li_ion_mobile__run51__id147_c0.94.jpg,147,li_ion_mobile,"","Li-ion","","3.7V","2600mAh","CE;RoHS",31
li_ion_mobile__run51__id149_c0.94.jpg,149,li_ion_mobile,"","Li-ion","","3.7V","2600mAh","CE;RoHS",31
li_ion_mobile__run51__id164_c0.93.jpg,164,li_ion_mobile,"","Li-ion","K14","11.55V","3600mAh","CE;WEEE;UL;RoHS",35
li_ion_mobile__run51__id165_c0.95.jpg,165,li_ion_mobile,"","","","","","",5
li_ion_mobile__run51__id169_c0.94.jpg,169,li_ion_mobile,"","Li-ion","","3.7V","2600mAh","CE;RoHS",31
li_ion_mobile__run51__id183_c0.93.jpg,183,li_ion_mobile,"","Li-ion","","3.7V","2600mAh","CE;RoHS",31
li_ion_mobile__run51__id190_c0.94.jpg,190,li_ion_mobile,"","Li-ion","","3.7V","2600mAh","CE;RoHS",28
li_ion_mobile__run51__id193_c0.94.jpg,193,li_ion_mobile,"Huawei","Li-ion","HB4268A9EBC","3.7V","3000mAh","CE;RoHS",49
li_ion_mobile__run51__id200_c0.94.jpg,200,li_ion_mobile,"","Li-ion","","11.55V","41Wh","CE;WEEE",29
li_ion_mobile__run51__id213_c0.93.jpg,213,li_ion_mobile,"Canon","Li-ion","","11.55V","3600mAh","CE;WEEE",33
li_ion_mobile__run51__id215_c0.94.jpg,215,li_ion_mobile,"","Li-ion","","3.7V","2600mAh","CE;RoHS",24
li_ion_mobile__run51__id223_c0.92.jpg,223,li_ion_mobile,"Canon","Li-ion","","11.55V","3600mAh","CE;WEEE",33
li_ion_mobile__run51__id226_c0.75.jpg,226,li_ion_mobile,"","Li-ion","","3.7V","2600mAh","CE;RoHS",31
li_ion_mobile__run51__id233_c0.89.jpg,233,li_ion_mobile,"Canon","Li-ion","","11.55V","3600mAh","CE;WEEE",33
li_ion_mobile__run51__id235_c0.90.jpg,235,li_ion_mobile,"","Li-ion","","3.7V","2600mAh","CE;WEEE",31
li_ion_mobile__run51__id240_c0.80.jpg,240,li_ion_mobile,"","Li-ion","","3.7V","2600mAh","CE;RoHS",31
li_ion_mobile__run51__id241_c0.92.jpg,241,li_ion_mobile,"","Li-ion","","3.7V","2600mAh","CE;RoHS",28
li_ion_mobile__run51__id245_c0.79.jpg,245,li_ion_mobile,"","Li-ion","","3.7V","2600mAh","CE;RoHS",31
li_ion_mobile__run51__id249_c0.85.jpg,249,li_ion_mobile,"","Li-ion","","3.7V","2600mAh","CE;RoHS",31
li_ion_mobile__run51__id253_c0.74.jpg,253,li_ion_mobile,"","Li-ion","","3.7V","2600mAh","CE;RoHS",31
li_ion_mobile__run51__id258_c0.64.jpg,258,li_ion_mobile,"","Li-ion","","3.7V","2600mAh","CE;RoHS",31
li_ion_mobile__run51__id259_c0.89.jpg,259,li_ion_mobile,"","Li-ion","","11.55V","41Wh","CE;WEEE",29
li_ion_mobile__run52__id001_c0.95.jpg,1,li_ion_mobile,"","Li-ion","","3.7V","2600mAh","CE;RoHS",31
li_ion_mobile__run52__id002_c0.96.jpg,2,li_ion_mobile,"Samsung","Li-ion","EB-BG920ABE","3.7V","3000mAh","UL;RoHS",48
li_ion_mobile__run52__id003_c0.94.jpg,3,li_ion_mobile,"SAMSUNG","Li-ion","EB-BG920ABE","3.7V","3000mAh","CE;RoHS",48
li_ion_mobile__run52__id004_c0.94.jpg,4,li_ion_mobile,"","Li-ion","","11.55V","41Wh","CE;WEEE",29
li_ion_mobile__run52__id005_c0.94.jpg,5,li_ion_mobile,"","","","","","CE;WEEE",10
li_ion_mobile__run52__id006_c0.96.jpg,6,li_ion_mobile,"","Li-ion","","3.7V","2600mAh","UL;RoHS",24
li_ion_mobile__run52__id007_c0.26.jpg,7,li_ion_mobile,"","Li-ion","","3.7V","2600mAh","CE;RoHS",31
li_ion_mobile__run52__id008_c0.96.jpg,8,li_ion_mobile,"","Li-ion","","3.7V","2200mAh","CE;WEEE",31
li_ion_mobile__run52__id009_c0.93.jpg,9,li_ion_mobile,"","Li-ion","","3.7V","2600mAh","CE;RoHS",31
li_ion_mobile__run52__id018_c0.94.jpg,18,li_ion_mobile,"","Li-ion","","3.7V","2600mAh","CE;RoHS",28
li_ion_mobile__run52__id032_c0.93.jpg,32,li_ion_mobile,"","Li-ion","","3.7V","2200mAh","CE;RoHS",31
li_ion_mobile__run52__id034_c0.95.jpg,34,li_ion_mobile,"","Li-ion","","3.7V","2600mAh","CE;RoHS",27
li_ion_mobile__run52__id041_c0.95.jpg,41,li_ion_mobile,"","Li-ion","","3.7V","2200mAh","CE;RoHS",31
li_ion_mobile__run52__id062_c0.94.jpg,62,li_ion_mobile,"","Li-ion","","3.7V","2600mAh","CE",20
li_ion_mobile__run52__id074_c0.94.jpg,74,li_ion_mobile,"","Li-ion","","3.7V","2600mAh","CE;RoHS",28
li_ion_mobile__run52__id075_c0.91.jpg,75,li_ion_mobile,"","Li-ion","","3.7V","2600mAh","CE;RoHS",28
li_ion_mobile__run52__id080_c0.94.jpg,80,li_ion_mobile,"","Li-ion","","3.7V","2600mAh","CE;RoHS",28
li_ion_mobile__run53__id001_c0.95.jpg,1,li_ion_mobile,"","Li-ion","","3.7V","2200mAh","CE;RoHS",31
li_ion_mobile__run53__id002_c0.95.jpg,2,li_ion_mobile,"","Li-ion","","3.7V","2600mAh","CE;RoHS",31
li_ion_mobile__run53__id003_c0.92.jpg,3,li_ion_mobile,"","Li-ion","","3.2V","41Wh","UL;RoHS",24
li_ion_mobile__run53__id004_c0.93.jpg,4,li_ion_mobile,"","Li-ion","","3.7V","2600mAh","CE;RoHS",31
li_ion_mobile__run53__id006_c0.96.jpg,6,li_ion_mobile,"","Li-ion","","3.7V","2600mAh","UL;RoHS",31
li_ion_mobile__run53__id007_c0.94.jpg,7,li_ion_mobile,"Samsung","Li-ion","EB-BG920ABE","3.7V","3000mAh","UL;RoHS",48
li_ion_mobile__run53__id008_c0.87.jpg,8,li_ion_mobile,"","Li-ion","","3.7V","2200mAh","CE;RoHS",31
li_ion_mobile__run53__id012_c0.96.jpg,12,li_ion_mobile,"Samsung","Li-ion","EB-BG920ABE","3.7V","3000mAh","UL;RoHS",48
li_ion_mobile__run53__id015_c0.96.jpg,15,li_ion_mobile,"","Li-ion","","3.7V","2600mAh","CE;RoHS",29
li_ion_mobile__run53__id022_c0.93.jpg,22,li_ion_mobile,"Samsung","Li-ion","EB-BN970ABE","3.8V","2600mAh","UL;RoHS",48
li_ion_mobile__run53__id052_c0.88.jpg,52,li_ion_mobile,"","Li-ion","","3.7V","2600mAh","CE;RoHS",28
li_ion_mobile__run53__id054_c0.85.jpg,54,li_ion_mobile,"","Li-ion","","3.7V","2600mAh","CE;WEEE",31
li_ion_mobile__run54__id001_c0.93.jpg,1,li_ion_mobile,"","Li-ion","","3.7V","2500mAh","CE;WEEE",31
li_ion_mobile__run54__id002_c0.95.jpg,2,li_ion_mobile,"","Li-ion","","11.55V","41Wh","CE;WEEE",29
li_ion_mobile__run54__id003_c0.94.jpg,3,li_ion_mobile,"","Li-ion","","11.55V","41Wh","CE;WEEE",29
li_ion_mobile__run54__id004_c0.93.jpg,4,li_ion_mobile,"","Li-ion","","11.55V","41Wh","CE;WEEE",29
li_ion_mobile__run54__id005_c0.96.jpg,5,li_ion_mobile,"","Li-ion","","3.7V","2600mAh","CE;RoHS",24
li_ion_mobile__run54__id006_c0.95.jpg,6,li_ion_mobile,"NETGEAR","Li-ion","","11.55V","41Wh","CE;WEEE",34
li_ion_mobile__run54__id015_c0.94.jpg,15,li_ion_mobile,"","Li-ion","","3.7V","3600mAh","CE;RoHS",31
li_ion_mobile__run54__id016_c0.93.jpg,16,li_ion_mobile,"","Li-ion","","3.7V","2600mAh","CE;RoHS",28
li_ion_mobile__run54__id017_c0.94.jpg,17,li_ion_mobile,"","Li-ion","","3.7V","2600mAh","CE;RoHS",31
li_ion_mobile__run54__id025_c0.91.jpg,25,li_ion_mobile,"","Li-ion","","11.55V","41Wh","CE;WEEE",29
li_ion_mobile__run54__id027_c0.93.jpg,27,li_ion_mobile,"","Li-ion","","3.7V","2600mAh","CE;RoHS",31
li_ion_mobile__run54__id045_c0.96.jpg,45,li_ion_mobile,"","Li-ion","","3.7V","2600mAh","CE;RoHS",28
li_ion_mobile__run54__id051_c0.96.jpg,51,li_ion_mobile,"Samsung","Li-ion","EB-BG930ABE","3.7V","2600mAh","UL;RoHS",45
li_ion_mobile__run54__id054_c0.94.jpg,54,li_ion_mobile,"QXCE","Li-ion","","3.7V","2800mAh","CE;WEEE",44
li_ion_mobile__run54__id079_c0.96.jpg,79,li_ion_mobile,"","Li-ion","BQ50","3.7V","2600mAh","CE;WEEE",29
li_ion_mobile__run54__id088_c0.94.jpg,88,li_ion_mobile,"","Li-ion","","3.7V","2600mAh","CE;RoHS",28
li_ion_mobile__run54__id089_c0.94.jpg,89,li_ion_mobile,"","Li-ion","","3.7V","2600mAh","UL;RoHS",31
li_ion_mobile__run54__id096_c0.94.jpg,96,li_ion_mobile,"","Li-ion","","3.7V","2600mAh","CE;RoHS",32
li_ion_mobile__run54__id102_c0.95.jpg,102,li_ion_mobile,"","Li-ion","","3.7V","2600mAh","CE;RoHS",28
li_ion_mobile__run54__id108_c0.96.jpg,108,li_ion_mobile,"","Li-ion","","3.7V","2600mAh","CE;RoHS",28
li_ion_mobile__run54__id111_c0.95.jpg,111,li_ion_mobile,"","Li-ion","B020","3.7V","2600mAh","CE",25
li_ion_mobile__run54__id120_c0.95.jpg,120,li_ion_mobile,"","Li-ion","","3.7V","2600mAh","CE;RoHS",28
li_ion_mobile__run54__id125_c0.96.jpg,125,li_ion_mobile,"Samsung","Li-ion","","3.7V","2800mAh","CE;WEEE",35
li_ion_mobile__run54__id135_c0.94.jpg,135,li_ion_mobile,"","Li-ion","","3.7V","2600mAh","CE;RoHS",28
li_ion_mobile__run54__id137_c0.96.jpg,137,li_ion_mobile,"Samsung","Li-ion","","3.7V","2600mAh","CE;WEEE",35
li_ion_mobile__run54__id145_c0.94.jpg,145,li_ion_mobile,"","Li-ion","","3.7V","2600mAh","CE;RoHS",31
li_ion_mobile__run54__id152_c0.95.jpg,152,li_ion_mobile,"TCL","Li-ion","","3.7V","2600mAh","UL;RoHS",27
li_ion_mobile__run54__id163_c0.94.jpg,163,li_ion_mobile,"","Li-ion","","3.7V","2600mAh","CE;RoHS",28
li_ion_mobile__run54__id164_c0.96.jpg,164,li_ion_mobile,"SAMSUNG","Li-ion","","3.7V","2600mAh","CE",31
li_ion_mobile__run54__id173_c0.94.jpg,173,li_ion_mobile,"","Li-ion","","3.7V","2600mAh","CE;RoHS",28
li_ion_mobile__run54__id175_c0.95.jpg,175,li_ion_mobile,"","Li-ion","","3.7V","2600mAh","CE;RoHS",31
li_ion_mobile__run54__id186_c0.95.jpg,186,li_ion_mobile,"Samsung","Li-ion","","3.7V","2600mAh","CE",31
li_ion_mobile__run54__id191_c0.93.jpg,191,li_ion_mobile,"","Li-ion","","3.7V","2600mAh","CE;RoHS",28
li_ion_mobile__run54__id198_c0.95.jpg,198,li_ion_mobile,"","Li-ion","TCT","3.7V","2600mAh","TCT",24
li_ion_mobile__run54__id200_c0.92.jpg,200,li_ion_mobile,"","Li-ion","","3.7V","2600mAh","CE;WEEE",31
li_ion_mobile__run54__id203_c0.94.jpg,203,li_ion_mobile,"","Li-ion","","3.7V","2600mAh","CE;RoHS",28
li_ion_mobile__run54__id210_c0.95.jpg,210,li_ion_mobile,"","Li-ion","B08","3.7V","2200mAh","CE",23
li_ion_mobile__run54__id213_c0.92.jpg,213,li_ion_mobile,"","Li-ion","iUC6640","3.7V","2600mAh","UL",31
li_ion_mobile__run54__id217_c0.95.jpg,217,li_ion_mobile,"TCL","Li-ion","TA800JF","3.7V","2600mAh","CE;RoHS",41
li_ion_mobile__run54__id225_c0.96.jpg,225,li_ion_mobile,"","","","","","CE",6
li_ion_mobile__run54__id227_c0.94.jpg,227,li_ion_mobile,"","Li-ion","NCR1854 24","3.7V","3600mAh","CE;WEEE",39
li_ion_mobile__run54__id234_c0.90.jpg,234,li_ion_mobile,"","Li-ion","","3.7V","2600mAh","CE;WEEE",31
li_ion_mobile__run54__id239_c0.95.jpg,239,li_ion_mobile,"","Li-ion","","11.55V","3600mAh","CE;RoHS",27
li_ion_mobile__run54__id241_c0.96.jpg,241,li_ion_mobile,"","Li-ion","","11.55V","41Wh","CE;WEEE",29
li_ion_mobile__run54__id247_c0.93.jpg,247,li_ion_mobile,"","Li-ion","","3.7V","2600mAh","CE;WEEE",31
li_ion_mobile__run54__id251_c0.94.jpg,251,li_ion_mobile,"","Li-ion","","3.7V","2600mAh","CE;RoHS",31
li_ion_mobile__run54__id259_c0.94.jpg,259,li_ion_mobile,"","Li-ion","","3.7V","2600mAh","CE;WEEE",31
li_ion_mobile__run54__id276_c0.92.jpg,276,li_ion_mobile,"","Li-ion","","3.7V","2600mAh","CE;WEEE",24
li_ion_mobile__run54__id288_c0.96.jpg,288,li_ion_mobile,"","Li-ion","","11.55V","41Wh","CE;WEEE",29
li_ion_mobile__run54__id310_c0.96.jpg,310,li_ion_mobile,"","Li-ion","","3.7V","2600mAh","CE;RoHS",28
li_ion_mobile__run54__id318_c0.94.jpg,318,li_ion_mobile,"","Li-ion","","3.7V","2600mAh","CE;RoHS",28
li_ion_mobile__run54__id321_c0.96.jpg,321,li_ion_mobile,"","Li-ion","","3.7V","2600mAh","CE;WEEE",31
li_ion_mobile__run54__id331_c0.95.jpg,331,li_ion_mobile,"","Li-ion","","3.7V","2600mAh","CE;RoHS",24
li_ion_mobile__run54__id334_c0.96.jpg,334,li_ion_mobile,"","Li-ion","","3.7V","2600mAh","CE;RoHS",28
li_ion_mobile__run54__id385_c0.95.jpg,385,li_ion_mobile,"","Li-ion","","3.7V","2200mAh","UL;RoHS",31
li_ion_mobile__run54__id386_c0.94.jpg,386,li_ion_mobile,"","Li-ion","BQ520","3.7V","3000mAh","CE;RoHS",31
li_ion_mobile__run54__id392_c0.95.jpg,392,li_ion_mobile,"ANUSMANS","Li-ion","","3.7V","2200mAh","CE",26
li_ion_mobile__run54__id421_c0.85.jpg,421,li_ion_mobile,"","Li-ion","","11.55V","41Wh","CE",25
li_ion_mobile__run54__id422_c0.91.jpg,422,li_ion_mobile,"","Li-ion","","3.7V","2600mAh","UL;RoHS",29
li_ion_mobile__run54__id429_c0.95.jpg,429,li_ion_mobile,"ANUSUNYU","Li-ion","","3.7V","2600mAh","CE;WEEE",37
li_ion_mobile__run54__id430_c0.93.jpg,430,li_ion_mobile,"","Li-ion","","3.7V","2600mAh","CE;RoHS",31
li_ion_mobile__run54__id440_c0.94.jpg,440,li_ion_mobile,"","Li-ion","","11.55V","41Wh","CE;WEEE",29
li_ion_mobile__run54__id441_c0.96.jpg,441,li_ion_mobile,"Samsung","Li-ion","EB-BG920ABE","3.7V","3000mAh","CE;RoHS",48
li_ion_mobile__run54__id456_c0.96.jpg,456,li_ion_mobile,"Samsung","Li-ion","","3.7V","2900mAh","CE",31
li_ion_mobile__run54__id460_c0.96.jpg,460,li_ion_mobile,"","Li-ion","","3.7V","2600mAh","CE;RoHS",26
li_ion_mobile__run54__id472_c0.94.jpg,472,li_ion_mobile,"","Li-ion","","3.7V","2600mAh","CE;RoHS",24
li_ion_mobile__run54__id489_c0.91.jpg,489,li_ion_mobile,"","Li-ion","","3.7V","2600mAh","CE;RoHS",24
li_ion_mobile__run54__id490_c0.94.jpg,490,li_ion_mobile,"","Li-ion","","3.7V","2600mAh","CE;RoHS",24
li_ion_mobile__run54__id499_c0.95.jpg,499,li_ion_mobile,"","Li-ion","","3.7V","2600mAh","CE;RoHS",24
li_ion_mobile__run54__id503_c0.94.jpg,503,li_ion_mobile,"","Li-ion","","3.7V","2600mAh","CE;RoHS",24
li_ion_mobile__run54__id513_c0.94.jpg,513,li_ion_mobile,"","Li-ion","","11.55V","41Wh","CE;WEEE",29
li_ion_mobile__run54__id514_c0.93.jpg,514,li_ion_mobile,"","Li-ion","","11.55V","3600mAh","CE;WEEE",35
li_ion_mobile__run54__id521_c0.92.jpg,521,li_ion_mobile,"","Li-ion","","3.7V","2600mAh","CE;RoHS",31
li_ion_mobile__run54__id523_c0.92.jpg,523,li_ion_mobile,"","Li-ion","","3.7V","2600mAh","CE;RoHS",24
li_ion_mobile__run54__id526_c0.83.jpg,526,li_ion_mobile,"","Li-ion","","3.7V","2600mAh","CE;RoHS",28
li_ion_mobile__run55__id001_c0.96.jpg,1,li_ion_mobile,"","Li-ion","","3.7V","2600mAh","CE;RoHS",28
li_ion_mobile__run55__id002_c0.95.jpg,2,li_ion_mobile,"","Li-ion","","3.7V","2600mAh","CE;RoHS",31
li_ion_mobile__run55__id003_c0.94.jpg,3,li_ion_mobile,"Samsung","Li-ion","XXX","3.7V","2800mAh","CE;RoHS",34
li_ion_mobile__run55__id004_c0.95.jpg,4,li_ion_mobile,"","Li-ion","","3.7V","2200mAh","CE;WEEE",31
li_ion_mobile__run55__id005_c0.96.jpg,5,li_ion_mobile,"ANUQINZ","Li-ion","X**X8","3.7V","2600mAh","UL;RoHS",41
li_ion_mobile__run55__id006_c0.96.jpg,6,li_ion_mobile,"","Li-ion","","3.7V","2200mAh","CE;WEEE",31
li_ion_mobile__run55__id007_c0.94.jpg,7,li_ion_mobile,"","Li-ion","","3.7V","2600mAh","CE;RoHS",28
li_ion_mobile__run55__id041_c0.96.jpg,41,li_ion_mobile,"","Li-ion","","3.7V","2200mAh","UL",24
li_ion_mobile__run55__id042_c0.92.jpg,42,li_ion_mobile,"","Li-ion","","3.7V","2600mAh","UL;RoHS",31
li_ion_mobile__run55__id043_c0.96.jpg,43,li_ion_mobile,"","Li-ion","","3.7V","2600mAh","CE;WEEE",28
li_ion_mobile__run55__id044_c0.96.jpg,44,li_ion_mobile,"Samsung","Li-ion","","3.7V","2400mAh","CE;RoHS",35
li_ion_mobile__run55__id045_c0.92.jpg,45,li_ion_mobile,"","Li-ion","","3.7V","2600mAh","CE;RoHS",31
li_ion_mobile__run55__id046_c0.91.jpg,46,li_ion_mobile,"LG","Li-ion","B6000","3.7V","2900mAh","CE;RoHS",30
li_ion_mobile__run55__id047_c0.92.jpg,47,li_ion_mobile,"ONE","Li-ion","","3.7V","2800mAh","CE",22
li_ion_mobile__run55__id048_c0.93.jpg,48,li_ion_mobile,"ONE","Li-ion","B1020D","3.7V","3000mAh","CCO",33
li_ion_mobile__run55__id049_c0.93.jpg,49,li_ion_mobile,"","Li-ion","","3.7V","2800mAh","CE;RoHS",31
li_ion_mobile__run55__id050_c0.92.jpg,50,li_ion_mobile,"","Li-ion","","11.55V","3600mAh","CE;WEEE",35
li_ion_mobile__run55__id051_c0.90.jpg,51,li_ion_mobile,"","Li-ion","","3.7V","2600mAh","CE;RoHS",24
li_ion_mobile__run55__id052_c0.93.jpg,52,li_ion_mobile,"","Li-ion","","3.7V","2600mAh","CE;RoHS",28
li_ion_mobile__run55__id055_c0.95.jpg,55,li_ion_mobile,"","Li-ion","","11.55V","41Wh","CE;WEEE",29
li_ion_mobile__run55__id056_c0.92.jpg,56,li_ion_mobile,"","Li-ion","","3.7V","2600mAh","RoHS",22
li_ion_mobile__run55__id060_c0.90.jpg,60,li_ion_mobile,"","Li-ion","","11.55V","41Wh","CE;WEEE",29
li_ion_mobile__run55__id062_c0.94.jpg,62,li_ion_mobile,"","Li-ion","","3.7V","2600mAh","UL;RoHS",31
li_ion_mobile__run55__id063_c0.96.jpg,63,li_ion_mobile,"","Li-ion","","3.7V","2000mAh","CE;RoHS",31
li_ion_mobile__run55__id069_c0.95.jpg,69,li_ion_mobile,"","Li-ion","","11.55V","3600mAh","UL;RoHS",35
li_ion_mobile__run55__id070_c0.95.jpg,70,li_ion_mobile,"","Li-ion","","3.7V","2600mAh","CE;RoHS",31
li_ion_mobile__run55__id077_c0.96.jpg,77,li_ion_mobile,"","Li-ion","","3.7V","2600mAh","CE;RoHS",31
li_ion_mobile__run55__id175_c0.96.jpg,175,li_ion_mobile,"Huawei","Li-ion","BLC12","3.7V","3000mAh","CE;RoHS",37
li_ion_mobile__run55__id180_c0.93.jpg,180,li_ion_mobile,"","Li-ion","","3.7V","2600mAh","CE;RoHS",28
li_ion_mobile__run55__id181_c0.94.jpg,181,li_ion_mobile,"","Li-ion","","3.7V","2600mAh","CE;RoHS",28
li_ion_mobile__run55__id186_c0.95.jpg,186,li_ion_mobile,"Huawei","Li-ion","D1827","3.7V","1000mAh","CE;RoHS",34
li_ion_mobile__run55__id194_c0.95.jpg,194,li_ion_mobile,"Huawei","Li-ion","A2","3.7V","3000mAh","CE;RoHS",31
li_ion_mobile__run55__id202_c0.95.jpg,202,li_ion_mobile,"","Li-ion","","11.55V","41Wh","CE;WEEE",29
li_ion_mobile__run55__id210_c0.95.jpg,210,li_ion_mobile,"","Li-ion","","3.7V","2600mAh","CE;RoHS",31
li_ion_mobile__run55__id219_c0.94.jpg,219,li_ion_mobile,"","Li-ion","","3.7V","2100mAh","CE;RoHS",31
li_ion_mobile__run55__id227_c0.93.jpg,227,li_ion_mobile,"Huawei","Li-ion","P30 Pro","3.7V","3200mAh","CE;RoHS",39
li_ion_mobile__run55__id234_c0.88.jpg,234,li_ion_mobile,"","Li-ion","","11.55V","41Wh","CE;WEEE",29
li_ion_mobile__run55__id244_c0.94.jpg,244,li_ion_mobile,"","Li-ion","","3.7V","2600mAh","CE;RoHS",31
li_ion_mobile__run55__id252_c0.95.jpg,252,li_ion_mobile,"","Li-ion","","3.7V","2600mAh","CE;RoHS",28
li_ion_mobile__run55__id256_c0.92.jpg,256,li_ion_mobile,"","Li-ion","","3.7V","2600mAh","CE;RoHS",31
li_ion_mobile__run55__id260_c0.96.jpg,260,li_ion_mobile,"","Li-ion","","3.7V","2200mAh","CE;RoHS",28
li_ion_mobile__run55__id264_c0.84.jpg,264,li_ion_mobile,"","Li-ion","","11.55V","41Wh","CE;WEEE",29
li_ion_mobile__run55__id287_c0.92.jpg,287,li_ion_mobile,"","Li-ion","","11.55V","41Wh","CE;WEEE",29
li_ion_mobile__run55__id333_c0.96.jpg,333,li_ion_mobile,"SVMSUNG","Li-ion","","3.7V","2600mAh","CE",31
li_ion_mobile__run55__id338_c0.95.jpg,338,li_ion_mobile,"","Li-ion","","3.7V","2800mAh","CE",20
li_ion_mobile__run55__id351_c0.80.jpg,351,li_ion_mobile,"","Li-ion","","3.7V","2600mAh","CE;RoHS",31
li_ion_mobile__run55__id354_c0.91.jpg,354,li_ion_mobile,"","Li-ion","","3.7V","2000mAh","CE;RoHS",31
li_ion_mobile__run55__id430_c0.86.jpg,430,li_ion_mobile,"","Li-ion","","3.7V","2600mAh","CE;WEEE",31
li_ion_mobile__run56__id001_c0.95.jpg,1,li_ion_mobile,"","Li-ion","","11.55V","41Wh","CE;WEEE",29
li_ion_mobile__run56__id002_c0.94.jpg,2,li_ion_mobile,"","Li-ion","","3.7V","2600mAh","CE;WEEE",31
li_ion_mobile__run56__id003_c0.94.jpg,3,li_ion_mobile,"","Li-ion","","3.7V","2600mAh","CE;WEEE",36
li_ion_mobile__run56__id006_c0.95.jpg,6,li_ion_mobile,"","Li-ion","","3.7V","2600mAh","CE;RoHS",24
li_ion_mobile__run56__id007_c0.95.jpg,7,li_ion_mobile,"","Li-ion","","3.7V","2600mAh","UL;RoHS",26
li_ion_mobile__run56__id023_c0.95.jpg,23,li_ion_mobile,"","Li-ion","","3.7V","2600mAh","CE;RoHS",28
li_ion_mobile__run56__id024_c0.95.jpg,24,li_ion_mobile,"","Li-ion","","11.55V","3600mAh","CE;WEEE",28
li_ion_mobile__run56__id040_c0.96.jpg,40,li_ion_mobile,"","Li-ion","","3.7V","2600mAh","CE;RoHS",28
li_ion_mobile__run56__id045_c0.95.jpg,45,li_ion_mobile,"","Li-ion","","3.7V","2600mAh","CE;RoHS",31
li_ion_mobile__run56__id083_c0.96.jpg,83,li_ion_mobile,"","Li-ion","","3.7V","2600mAh","CE;RoHS",28
li_ion_mobile__run56__id088_c0.94.jpg,88,li_ion_mobile,"","Li-ion","","3.7V","2600mAh","CE;RoHS",24
li_ion_mobile__run56__id110_c0.91.jpg,110,li_ion_mobile,"","Li-ion","","3.7V","2600mAh","CE;RoHS",24
li_ion_mobile__run57__id001_c0.95.jpg,1,li_ion_mobile,"","Li-ion","","3.7V","2600mAh","CE;RoHS",28
li_ion_mobile__run57__id002_c0.94.jpg,2,li_ion_mobile,"","Li-ion","","3.7V","2600mAh","CE;RoHS",28
li_ion_mobile__run57__id003_c0.94.jpg,3,li_ion_mobile,"","Li-ion","","3.7V","2600mAh","CE;WEEE",24
li_ion_mobile__run57__id006_c0.83.jpg,6,li_ion_mobile,"","Li-ion","","11.55V","41Wh","CE;WEEE",29
li_ion_mobile__run57__id030_c0.94.jpg,30,li_ion_mobile,"","Li-ion","","3.7V","2600mAh","UL;RoHS",31
li_ion_mobile__run57__id039_c0.78.jpg,39,li_ion_mobile,"","Li-ion","","11.55V","41Wh","CE;WEEE",29
li_ion_mobile__run57__id040_c0.91.jpg,40,li_ion_mobile,"Dell","Li-ion","P42F","11.55V","3600mAh","CE;RoHS",35
li_ion_mobile__run57__id062_c0.91.jpg,62,li_ion_mobile,"","Li-ion","VTA9000M-001-L","3.7V","2800mAh","CE;RoHS",45
li_ion_mobile__run57__id089_c0.96.jpg,89,li_ion_mobile,"","Li-ion","","11.55V","41Wh","CE;WEEE",23
li_ion_mobile__run57__id098_c0.95.jpg,98,li_ion_mobile,"","Li-ion","","12.8V","3600mAh","UL",21
li_ion_mobile__run57__id099_c0.96.jpg,99,li_ion_mobile,"","Li-ion","","3.7V","2600mAh","UL",27
li_ion_mobile__run57__id121_c0.88.jpg,121,li_ion_mobile,"","Li-ion","","11.55V","41Wh","UL;RoHS",23
li_ion_mobile__run57__id142_c0.72.jpg,142,li_ion_mobile,"","Li-ion","","3.7V","2600mAh","CE;RoHS",28
li_ion_mobile__run57__id143_c0.89.jpg,143,li_ion_mobile,"","Li-ion","","11.55V","41Wh","CE;WEEE",23
li_ion_mobile__run57__id145_c0.79.jpg,145,li_ion_mobile,"","Li-ion","","3.7V","2600mAh","CE;WEEE",31
li_ion_mobile__run58__id001_c0.96.jpg,1,li_ion_mobile,"ONE","Li-ion","","3.7V","2800mAh","CE;WEEE",34
li_ion_mobile__run58__id002_c0.92.jpg,2,li_ion_mobile,"","Li-ion","","3.7V","2600mAh","CE;RoHS",31
li_ion_mobile__run58__id004_c0.92.jpg,4,li_ion_mobile,"","Li-ion","B002","3.7V","3800mAh","CE;RoHS",29
li_ion_mobile__run58__id006_c0.90.jpg,6,li_ion_mobile,"RUNMAXIO","Li-ion","18650","3.7V","3400mAh","UL;RoHS",57
li_ion_mobile__run58__id008_c0.89.jpg,8,li_ion_mobile,"","Li-ion","","3.7V","2600mAh","CE;RoHS",28
li_ion_mobile__run58__id010_c0.90.jpg,10,li_ion_mobile,"","Li-ion","","3.7V","2600mAh","CE;RoHS",28
li_ion_mobile__run58__id012_c0.94.jpg,12,li_ion_mobile,"","Li-ion","","3.7V","2600mAh","CE;RoHS",25
li_ion_mobile__run58__id014_c0.84.jpg,14,li_ion_mobile,"","Li-ion","","3.7V","2600mAh","CE;RoHS",24
li_ion_mobile__run58__id047_c0.77.jpg,47,li_ion_mobile,"","Li-ion","","11.55V","41Wh","CE;WEEE",29
li_ion_mobile__run58__id055_c0.95.jpg,55,li_ion_mobile,"","Li-ion","","3.7V","2600mAh","CE",27
li_ion_mobile__run58__id058_c0.86.jpg,58,li_ion_mobile,"","Li-ion","","3.7V","2600mAh","CE;RoHS",28
li_ion_mobile__run59__id001_c0.95.jpg,1,li_ion_mobile,"","Li-ion","C1150","11.55V","3600mAh","CE;WEEE",33
li_ion_mobile__run59__id002_c0.95.jpg,2,li_ion_mobile,"Olimex","Li-ion","","3.7V","2600mAh","CE;RoHS",33
li_ion_mobile__run59__id003_c0.94.jpg,3,li_ion_mobile,"","Li-ion","","11.55V","41Wh","CE;WEEE",29
li_ion_mobile__run59__id004_c0.94.jpg,4,li_ion_mobile,"","Li-ion","","3.7V","2600mAh","UL;RoHS",25
li_ion_mobile__run59__id005_c0.96.jpg,5,li_ion_mobile,"","Li-ion","","3.7V","2800mAh","CE;RoHS",24
li_ion_mobile__run59__id006_c0.73.jpg,6,li_ion_mobile,"","Li-ion","","3.7V","2600mAh","CE;WEEE",28
li_ion_mobile__run59__id007_c0.96.jpg,7,li_ion_mobile,"","Li-ion","","3.7V","2600mAh","UL;RoHS",27
li_ion_mobile__run59__id009_c0.95.jpg,9,li_ion_mobile,"","Li-ion","","3.7V","2600mAh","CE;RoHS",28
li_ion_mobile__run59__id034_c0.93.jpg,34,li_ion_mobile,"","Li-ion","","11.55V","41Wh","CE;WEEE",29
li_ion_mobile__run59__id042_c0.93.jpg,42,li_ion_mobile,"","Li-ion","","3.7V","2600mAh","CE;RoHS",31
li_ion_mobile__run59__id043_c0.93.jpg,43,li_ion_mobile,"","Li-ion","","3.7V","2600mAh","CE;RoHS",28
li_ion_mobile__run59__id044_c0.96.jpg,44,li_ion_mobile,"","","","","","",6
li_ion_mobile__run59__id049_c0.97.jpg,49,li_ion_mobile,"Samsung","Li-ion","EB-BG920ABE","3.7V","3000mAh","UL;RoHS",48
li_ion_mobile__run59__id089_c0.70.jpg,89,li_ion_mobile,"","Li-ion","","3.7V","2600mAh","CE;RoHS",26
li_ion_mobile__run59__id150_c0.93.jpg,150,li_ion_mobile,"","Li-ion","","3.7V","2600mAh","CE;RoHS",29
li_ion_mobile__run59__id174_c0.94.jpg,174,li_ion_mobile,"","Li-ion","","3.7V","2600mAh","CE;RoHS",31
li_ion_mobile__run59__id178_c0.95.jpg,178,li_ion_mobile,"Apton","Li-ion","","3.7V","3200mAh","CE;WEEE",31
li_ion_mobile__run59__id183_c0.95.jpg,183,li_ion_mobile,"","Li-ion","","3.7V","2600mAh","CE;RoHS",31
li_ion_mobile__run59__id188_c0.94.jpg,188,li_ion_mobile,"DURACELL","Li-ion","2600mAh","3.7V","2600mAh","CE;WEEE",44
li_ion_mobile__run59__id195_c0.95.jpg,195,li_ion_mobile,"","Li-ion","","3.7V","2600mAh","CE;WEEE",31
li_ion_mobile__run59__id202_c0.96.jpg,202,li_ion_mobile,"","Li-ion","","3.7V","2600mAh","UL;RoHS",28
li_ion_mobile__run59__id224_c0.95.jpg,224,li_ion_mobile,"","Li-ion","","3.7V","2600mAh","CE;RoHS",31
li_ion_mobile__run59__id237_c0.96.jpg,237,li_ion_mobile,"Samsung","Li-ion","","3.7V","2800mAh","CE;RoHS",35
li_ion_mobile__run59__id258_c0.94.jpg,258,li_ion_mobile,"","Li-ion","B028","3.7V","3400mAh","CE;WEEE",29
li_ion_mobile__run59__id270_c0.95.jpg,270,li_ion_mobile,"SAMSUNG","Li-ion","","3.7V","2800mAh","UL;RoHS",35
li_ion_mobile__run59__id281_c0.95.jpg,281,li_ion_mobile,"","Li-ion","BQ20","3.7V","1000mAh","CE;WEEE",35
li_ion_mobile__run59__id285_c0.94.jpg,285,li_ion_mobile,"","Li-ion","","3.7V","2600mAh","CE;RoHS",24
li_ion_mobile__run59__id287_c0.94.jpg,287,li_ion_mobile,"","Li-ion","BQ250","3.7V","3600mAh","CE;WEEE",31
li_ion_mobile__run59__id298_c0.95.jpg,298,li_ion_mobile,"","Li-ion","BQ20","3.7V","3800mAh","CE;WEEE",29
li_ion_mobile__run59__id312_c0.94.jpg,312,li_ion_mobile,"","Li-ion","B020","7.4V","3600mAh","CE;WEEE",44
li_ion_mobile__run59__id313_c0.94.jpg,313,li_ion_mobile,"","Li-ion","","3.7V","2600mAh","CE;RoHS",28
li_ion_mobile__run59__id326_c0.94.jpg,326,li_ion_mobile,"","Li-ion","B020","11.55V","3600mAh","CE;WEEE",31
li_ion_mobile__run59__id331_c0.92.jpg,331,li_ion_mobile,"GARMIN","Li-ion","2700mAh","3.7V","9.9Wh","CE;WEEE",38
li_ion_mobile__run59__id338_c0.94.jpg,338,li_ion_mobile,"","Li-ion","","3.7V","2600mAh","CE;RoHS",28
li_ion_mobile__run59__id343_c0.87.jpg,343,li_ion_mobile,"","Li-ion","","3.7V","2600mAh","CE;RoHS",28
li_ion_mobile__run59__id344_c0.96.jpg,344,li_ion_mobile,"","","","","","",5
li_ion_mobile__run59__id349_c0.94.jpg,349,li_ion_mobile,"","Li-ion","B020","3.7V","3400mAh","CE;WEEE",29
li_ion_mobile__run59__id355_c0.94.jpg,355,li_ion_mobile,"","Li-ion","8020","3.7V","3400mAh","CE;WEEE",29
li_ion_mobile__run59__id357_c0.93.jpg,357,li_ion_mobile,"","Li-ion","","3.7V","2600mAh","CE;RoHS",28
li_ion_mobile__run59__id364_c0.94.jpg,364,li_ion_mobile,"","Li-ion","","3.7V","2600mAh","CE;RoHS",31
li_ion_mobile__run59__id381_c0.92.jpg,381,li_ion_mobile,"","Li-ion","","3.7V","2600mAh","CE;RoHS",31
liso2__run60__id001_c0.94.jpg,1,liso2,"","Li-ion","38A","3.7V","2600mAh","CE;RoHS",27
liso2__run60__id002_c0.93.jpg,2,liso2,"","Li-ion","","11.55V","41Wh","UL;RoHS",24
liso2__run60__id010_c0.91.jpg,10,liso2,"","Li-ion","","11.55V","41Wh","CE;WEEE",29
liso2__run60__id011_c0.92.jpg,11,liso2,"","Li-ion","","3.7V","2600mAh","CE;RoHS",31
liso2__run60__id013_c0.89.jpg,13,liso2,"","Li-ion","","11.55V","3600mAh","CE;WEEE",27
liso2__run60__id016_c0.92.jpg,16,liso2,"","Li-ion","","3.7V","2600mAh","UL;RoHS",28
liso2__run60__id018_c0.90.jpg,18,liso2,"","Li-ion","","3.7V","2600mAh","CE;RoHS",28
liso2__run60__id022_c0.92.jpg,22,liso2,"","Li-ion","","3.7V","2600mAh","CE;WEEE",28
liso2__run60__id026_c0.92.jpg,26,liso2,"","Li-ion","","3.7V","2600mAh","CE;RoHS",28
liso2__run60__id027_c0.90.jpg,27,liso2,"","Li-ion","","3.7V","2600mAh","CE;RoHS",28
liso2__run60__id028_c0.92.jpg,28,liso2,"","Li-ion","","3.7V","2600mAh","CE;WEEE",24
liso2__run60__id031_c0.90.jpg,31,liso2,"","Li-ion","","3.7V","2600mAh","CE;WEEE",28
liso2__run60__id033_c0.92.jpg,33,liso2,"","Li-ion","","3.7V","2600mAh","UL;RoHS",31
liso2__run60__id035_c0.91.jpg,35,liso2,"","Li-ion","","3.7V","2600mAh","CE;RoHS",28
liso2__run60__id036_c0.89.jpg,36,liso2,"","Li-ion","","3.7V","2600mAh","UL;RoHS",28
liso2__run60__id038_c0.91.jpg,38,liso2,"","Li-ion","","11.55V","41Wh","CE;WEEE",29
liso2__run60__id040_c0.91.jpg,40,liso2,"","Li-ion","","3.7V","2600mAh","CE;RoHS",31
liso2__run60__id047_c0.92.jpg,47,liso2,"","Li-ion","","3.7V","2600mAh","CE;RoHS",28
liso2__run60__id048_c0.92.jpg,48,liso2,"","Li-ion","","3.7V","2600mAh","CE;RoHS",28
liso2__run60__id054_c0.55.jpg,54,liso2,"","Li-ion","","3.7V","2600mAh","CE;RoHS",28
liso2__run60__id056_c0.86.jpg,56,liso2,"","Li-ion","","3.7V","2600mAh","CE;WEEE",28
liso2__run61__id001_c0.92.jpg,1,liso2,"","Li-ion","","3.7V","2600mAh","UL;RoHS",28
liso2__run61__id002_c0.92.jpg,2,liso2,"","Li-ion","","3.7V","2600mAh","CE;RoHS",28
liso2__run62__id001_c0.92.jpg,1,liso2,"","Li-ion","","3.7V","2600mAh","CE;RoHS",28
liso2__run62__id002_c0.91.jpg,2,liso2,"","Li-ion","","3.7V","2600mAh","CE;RoHS",31
liso2__run62__id003_c0.41.jpg,3,liso2,"","Li-ion","","3.7V","2600mAh","CE;RoHS",28
liso2__run62__id004_c0.92.jpg,4,liso2,"","Li-ion","","3.7V","2600mAh","CE;RoHS",28
liso2__run64__id001_c0.94.jpg,1,liso2,"","Li-ion","","11.55V","41Wh","CE;WEEE",29
liso2__run64__id002_c0.94.jpg,2,liso2,"","Li-ion","39A-8218","3.7V","3600mAh","CE;WEEE",35
liso2__run64__id004_c0.93.jpg,4,liso2,"","Li-ion","","3.7V","2600mAh","CE;RoHS",31
liso2__run64__id005_c0.94.jpg,5,liso2,"","Li-ion","","3.7V","2600mAh","CE;RoHS",28
liso2__run64__id008_c0.94.jpg,8,liso2,"","Li-ion","","11.55V","41Wh","CE;WEEE",29
liso2__run64__id009_c0.92.jpg,9,liso2,"","Li-ion","","3.7V","2600mAh","CE;RoHS",28
liso2__run64__id012_c0.94.jpg,12,liso2,"","Li-ion","","11.55V","41Wh","CE;WEEE",29
liso2__run64__id017_c0.92.jpg,17,liso2,"","Li-ion","","3.7V","2600mAh","CE;RoHS",28
liso2__run64__id018_c0.93.jpg,18,liso2,"","Li-ion","","3.7V","2600mAh","CE;RoHS",28
liso2__run64__id021_c0.93.jpg,21,liso2,"","Li-ion","","3.7V","2600mAh","CE;RoHS",28
liso2__run64__id022_c0.93.jpg,22,liso2,"","Li-ion","","3.7V","2600mAh","CE;RoHS",31
liso2__run64__id023_c0.94.jpg,23,liso2,"","Li-ion","","3.7V","2600mAh","CE;RoHS",25
liso2__run64__id025_c0.93.jpg,25,liso2,"","Li-ion","","11.55V","41Wh","CE;WEEE",29
liso2__run65__id001_c0.94.jpg,1,liso2,"","Li-ion","","12.8V","3600mAh","UL;RoHS",33
liso2__run65__id003_c0.95.jpg,3,liso2,"","Li-ion","","3.7V","2600mAh","CE;RoHS",31
liso2__run65__id004_c0.94.jpg,4,liso2,"","Li-ion","","3.7V","2600mAh","CE;RoHS",28
liso2__run66__id001_c0.94.jpg,1,liso2,"","Li-ion","","3.7V","2600mAh","CE;RoHS",28
liso2__run66__id003_c0.92.jpg,3,liso2,"","Li-ion","","3.7V","2600mAh","CE;RoHS",28
liso2__run66__id004_c0.92.jpg,4,liso2,"","Li-ion","","3.7V","2600mAh","CE;RoHS",28
liso2__run66__id006_c0.95.jpg,6,liso2,"","Li-ion","","19.5V","3600mAh","CE;RoHS",33
liso2__run66__id008_c0.76.jpg,8,liso2,"","Li-ion","","3.7V","2600mAh","CE;RoHS",31
liso2__run66__id009_c0.95.jpg,9,liso2,"","Li-ion","","3.7V","2600mAh","CE;RoHS",28
ni_cd_bulk__run67__id001_c0.92.jpg,1,ni_cd_bulk,"ATG","Li-ion","B0800","3.7V","2600mAh","CE;WEEE",32
ni_cd_bulk__run67__id009_c0.90.jpg,9,ni_cd_bulk,"","Li-ion","","11.55V","3600mAh","CE;WEEE;UL;RoHS",36
ni_cd_bulk__run67__id016_c0.90.jpg,16,ni_cd_bulk,"A10","Li-ion","","11.55V","41Wh","CE;WEEE",26
ni_cd_bulk__run68__id001_c0.95.jpg,1,ni_cd_bulk,"","Li-ion","","3.7V","2600mAh","CE;RoHS",28
ni_cd_bulk__run69__id001_c0.92.jpg,1,ni_cd_bulk,"","Li-ion","","11.1V","41Wh","CE;RoHS",27
ni_cd_bulk__run69__id003_c0.94.jpg,3,ni_cd_bulk,"","Li-ion","","3.7V","2600mAh","CE;RoHS",28
ni_cd_bulk__run70__id001_c0.94.jpg,1,ni_cd_bulk,"","Li-ion","","3.7V","2600mAh","CE;RoHS",28
ni_cd_bulk__run70__id002_c0.92.jpg,2,ni_cd_bulk,"","Li-ion","","3.7V","2600mAh","CE;RoHS",28
ni_cd_bulk__run71__id001_c0.94.jpg,1,ni_cd_bulk,"","Li-ion","","11.55V","3600mAh","CE;WEEE",25
ni_cd_bulk__run71__id002_c0.91.jpg,2,ni_cd_bulk,"","Li-ion","","11.1V","3700mAh","CE;RoHS",36
ni_cd_bulk__run72__id001_c0.94.jpg,1,ni_cd_bulk,"DEWALT","Li-ion","DCA20B","18.00V","4000mAh","UL;RoHS",47
ni_cd_bulk__run72__id002_c0.94.jpg,2,ni_cd_bulk,"DEWALT","Li-ion","","14.4V","41Wh","UL;RoHS",29
ni_cd_bulk__run74__id001_c0.95.jpg,1,ni_cd_bulk,"","Li-ion","","3.7V","2600mAh","CE;RoHS",28
ni_cd_bulk__run74__id002_c0.86.jpg,2,ni_cd_bulk,"","Li-ion","","11.55V","41Wh","CE;WEEE",24
ni_cd_bulk__run75__id001_c0.93.jpg,1,ni_cd_bulk,"","Li-ion","","11.55V","41Wh","CE;WEEE",29
ni_cd_bulk__run75__id002_c0.92.jpg,2,ni_cd_bulk,"","Li-ion","","11.55V","41Wh","CE;WEEE",29
ni_cd_bulk__run76__id001_c0.91.jpg,1,ni_cd_bulk,"Jawor","Li-ion","EX2","18.0V","3600mAh","CE;WEEE",41
ni_cd_bulk__run76__id002_c0.91.jpg,2,ni_cd_bulk,"","Li-ion","","11.55V","3600mAh","CE;RoHS",26
ni_cd_bulk__run77__id001_c0.95.jpg,1,ni_cd_bulk,"","Li-ion","DQ58820","11.55V","3600mAh","CE;RoHS",37
ni_cd_bulk__run77__id003_c0.94.jpg,3,ni_cd_bulk,"","Li-ion","","3.7V","2600mAh","CE;RoHS",28
ni_cd_bulk__run77__id004_c0.94.jpg,4,ni_cd_bulk,"","Li-ion","","3.7V","2600mAh","CE;RoHS",28
ni_cd_bulk__run79__id001_c0.92.jpg,1,ni_cd_bulk,"","Li-ion","","3.7V","2600mAh","UL;RoHS",31
ni_cd_bulk__run79__id002_c0.90.jpg,2,ni_cd_bulk,"","Li-ion","","11.55V","41Wh","CE;WEEE",29
ni_cd_bulk__run79__id006_c0.93.jpg,6,ni_cd_bulk,"","Li-ion","","3.7V","2600mAh","UL;RoHS",36
ni_cd_bulk__run79__id008_c0.85.jpg,8,ni_cd_bulk,"","Li-ion","","3.7V","2600mAh","CE;WEEE",28
ni_cd_bulk__run79__id009_c0.93.jpg,9,ni_cd_bulk,"DELL","Li-ion","X45B","18.5V","3600mAh","UL;RoHS",49
ni_cd_bulk__run79__id014_c0.94.jpg,14,ni_cd_bulk,"","Li-ion","","18.0V","3600mAh","UL;RoHS",33
ni_cd_bulk__run79__id016_c0.94.jpg,16,ni_cd_bulk,"","Li-ion","2000","11.55V","3600mAh","CE;WEEE",31
ni_cd_bulk__run79__id020_c0.93.jpg,20,ni_cd_bulk,"","Li-ion","","11.55V","41Wh","CE;WEEE",30
ni_cd_bulk__run79__id021_c0.93.jpg,21,ni_cd_bulk,"","Li-ion","","3.7V","2600mAh","CE;RoHS",26
ni_cd_bulk__run80__id001_c0.94.jpg,1,ni_cd_bulk,"","Li-ion","","3.7V","2600mAh","UL;RoHS",28
ni_cd_bulk__run80__id002_c0.93.jpg,2,ni_cd_bulk,"","Li-ion","NMB-B-9012","11.55V","3600mAh","CE;WEEE",39
ni_cd_bulk__run80__id003_c0.94.jpg,3,ni_cd_bulk,"","Li-ion","","3.7V","2600mAh","CE;RoHS",31
ni_cd_bulk__run80__id005_c0.91.jpg,5,ni_cd_bulk,"","Li-ion","","11.55V","41Wh","CE;WEEE",29
ni_cd_bulk__run80__id006_c0.91.jpg,6,ni_cd_bulk,"","Li-ion","","11.55V","41Wh","CE;WEEE",29
ni_cd_bulk__run80__id010_c0.91.jpg,10,ni_cd_bulk,"","Li-ion","","3.7V","2600mAh","CE;WEEE",28
ni_cd_bulk__run80__id015_c0.88.jpg,15,ni_cd_bulk,"","Li-ion","","3.7V","2600mAh","CE;RoHS",26
ni_cd_bulk__run80__id018_c0.87.jpg,18,ni_cd_bulk,"DEWALT","Li-ion","","12V","3600mAh","UL;RoHS",33
ni_cd_bulk__run81__id001_c0.93.jpg,1,ni_cd_bulk,"","Li-ion","","18.0V","3600mAh","UL;RoHS",33
ni_cd_bulk__run81__id002_c0.94.jpg,2,ni_cd_bulk,"","Li-ion","","3.7V","2600mAh","CE;RoHS",28
ni_cd_bulk__run81__id003_c0.85.jpg,3,ni_cd_bulk,"","Li-ion","","3.7V","2600mAh","CE;RoHS",28
ni_cd_bulk__run81__id010_c0.90.jpg,10,ni_cd_bulk,"","Li-ion","","11.55V","41Wh","CE;WEEE",29
ni_cd_bulk__run81__id011_c0.90.jpg,11,ni_cd_bulk,"","Li-ion","","11.1V","3600mAh","CE;RoHS",33
ni_cd_bulk__run82__id001_c0.94.jpg,1,ni_cd_bulk,"","Li-ion","","3.7V","2600mAh","CE;RoHS",28
ni_cd_bulk__run82__id002_c0.93.jpg,2,ni_cd_bulk,"","Li-ion","","3.7V","2600mAh","UL;RoHS",31
ni_cd_bulk__run82__id003_c0.94.jpg,3,ni_cd_bulk,"","","","","","CE;WEEE",10
ni_cd_bulk__run82__id004_c0.94.jpg,4,ni_cd_bulk,"","Li-ion","","3.7V","2600mAh","CE;RoHS",28
ni_cd_bulk__run82__id007_c0.93.jpg,7,ni_cd_bulk,"DEWALT","Li-ion","XRP","18V","4000mAh","UL;RoHS",39
ni_cd_bulk__run82__id011_c0.92.jpg,11,ni_cd_bulk,"","Li-ion","","3.7V","2600mAh","CE;RoHS",33
ni_cd_bulk__run83__id001_c0.94.jpg,1,ni_cd_bulk,"DEWALT","Li-ion","DCH273B","14.4V","41Wh","UL;RoHS",53
ni_cd_bulk__run83__id002_c0.91.jpg,2,ni_cd_bulk,"DEWALT","Li-ion","DCB205","18V","20Ah","UL;RoHS",42
ni_cd_bulk__run83__id005_c0.91.jpg,5,ni_cd_bulk,"","Li-ion","","11.55V","41Wh","CE;WEEE",21
ni_cd_bulk__run84__id001_c0.95.jpg,1,ni_cd_bulk,"DEWALT","Li-ion","18A","18.0V","41Wh","UL;RoHS",37
ni_cd_bulk__run84__id002_c0.93.jpg,2,ni_cd_bulk,"","Li-ion","170T18 A-4151","11.55V","41Wh","CE;WEEE",42
ni_cd_bulk__run84__id003_c0.88.jpg,3,ni_cd_bulk,"","Li-ion","","11.55V","41Wh","CE;WEEE",29
ni_cd_bulk__run85__id001_c0.92.jpg,1,ni_cd_bulk,"","Li-ion","","3.7V","2600mAh","UL;RoHS",31
ni_cd_bulk__run85__id002_c0.93.jpg,2,ni_cd_bulk,"","Li-ion","","12.0V","41Wh","CE;WEEE",27
ni_cd_bulk__run85__id003_c0.92.jpg,3,ni_cd_bulk,"","Li-ion","","3.7V","2600mAh","CE;RoHS",28
ni_cd_bulk__run86__id001_c0.93.jpg,1,ni_cd_bulk,"","Li-ion","","3.7V","2600mAh","CE;WEEE",24
ni_cd_bulk__run86__id002_c0.91.jpg,2,ni_cd_bulk,"","Li-ion","","3.7V","2600mAh","UL",20
ni_cd_bulk__run86__id003_c0.37.jpg,3,ni_cd_bulk,"","Li-ion","","3.7V","2600mAh","CE;RoHS",28
ni_cd_bulk__run86__id004_c0.95.jpg,4,ni_cd_bulk,"","Li-ion","","3.7V","2600mAh","CE;RoHS",28
ni_cd_bulk__run86__id006_c0.94.jpg,6,ni_cd_bulk,"","Li-ion","","3.7V","2600mAh","CE;RoHS",28
ni_cd_bulk__run87__id001_c0.95.jpg,1,ni_cd_bulk,"","Li-ion","","11.55V","41Wh","CE;WEEE",29
ni_cd_bulk__run87__id002_c0.95.jpg,2,ni_cd_bulk,"","Li-ion","","3.7V","2600mAh","CE;RoHS",28
ni_cd_bulk__run87__id003_c0.66.jpg,3,ni_cd_bulk,"","Li-ion","","3.7V","2600mAh","CE;RoHS",28
ni_cd_bulk__run87__id004_c0.95.jpg,4,ni_cd_bulk,"","Li-ion","AOS800","11.55V","3600mAh","CE;WEEE",35
ni_cd_bulk__run88__id001_c0.93.jpg,1,ni_cd_bulk,"HP","Li-ion","V6.0P","11.55V","41Wh","CE;WEEE",30
ni_cd_bulk__run88__id002_c0.93.jpg,2,ni_cd_bulk,"","Li-ion","","11.55V","41Wh","CE;WEEE",29
ni_cd_bulk__run88__id003_c0.90.jpg,3,ni_cd_bulk,"","Li-ion","","3.7V","2600mAh","CE;RoHS",28
ni_cd_bulk__run88__id004_c0.27.jpg,4,ni_cd_bulk,"","Li-ion","","3.7V","2600mAh","CE;RoHS",24
ni_cd_bulk__run89__id001_c0.94.jpg,1,ni_cd_bulk,"","Li-ion","","3.7V","2600mAh","CE;RoHS",28
ni_cd_bulk__run89__id002_c0.94.jpg,2,ni_cd_bulk,"","Li-ion","","3.7V","2600mAh","CE;WEEE",24
ni_cd_bulk__run89__id004_c0.93.jpg,4,ni_cd_bulk,"","Li-ion","","3.7V","2600mAh","CE;RoHS",28
ni_cd_bulk__run89__id005_c0.93.jpg,5,ni_cd_bulk,"","Li-ion","12-09","3.7V","3600mAh","CE;RoHS",29
ni_cd_bulk__run89__id006_c0.94.jpg,6,ni_cd_bulk,"","Li-ion","","3.7V","2600mAh","CE;RoHS",28
ni_cd_bulk__run89__id007_c0.95.jpg,7,ni_cd_bulk,"","Li-ion","","3.7V","2600mAh","CE;RoHS",28
ni_cd_small__run90__id001_c0.96.jpg,1,ni_cd_small,"","Li-ion","","3.7V","2600mAh","CE;RoHS",28
ni_cd_small__run90__id011_c0.93.jpg,11,ni_cd_small,"","Li-ion","","3.7V","1600mAh","CE;WEEE",28
ni_cd_small__run92__id001_c0.95.jpg,1,ni_cd_small,"","Li-ion","B1100","11.55V","3600mAh","CE;WEEE",34
ni_cd_small__run93__id001_c0.95.jpg,1,ni_cd_small,"","Li-ion","","11.33V","37Wh","UL;RoHS",38
ni_cd_small__run93__id009_c0.95.jpg,9,ni_cd_small,"","Li-ion","","3.7V","2600mAh","UL;RoHS",28
ni_cd_small__run95__id001_c0.95.jpg,1,ni_cd_small,"","Li-ion","","3.7V","2600mAh","UL;RoHS",31
ni_cd_small__run96__id001_c0.95.jpg,1,ni_cd_small,"Lithium","Li-ion","30WH","11.55V","30WH","CE;WEEE",38
ni_cd_small__run96__id002_c0.87.jpg,2,ni_cd_small,"","Li-ion","","3.7V","2600mAh","CE;RoHS",31
ni_cd_small__run97__id001_c0.91.jpg,1,ni_cd_small,"","Li-ion","","3.7V","2600mAh","CE;WEEE",31
ni_cd_small__run98__id001_c0.94.jpg,1,ni_cd_small,"","Li-ion","","3.7V","2600mAh","UL;RoHS",29
ni_mh_all__run100__id001_c0.88.jpg,1,ni_mh_all,"","Li-ion","","3.7V","2200mAh","UL;RoHS",26
ni_mh_all__run100__id002_c0.92.jpg,2,ni_mh_all,"","Li-ion","SC5100J6","12.0V","78Wh","UL;RoHS",43
ni_mh_all__run100__id101_c0.94.jpg,101,ni_mh_all,"","Li-ion","","11.55V","41Wh","CE;WEEE",29
ni_mh_all__run100__id104_c0.93.jpg,104,ni_mh_all,"","Li-ion","","3.7V","2600mAh","UL;RoHS",28
ni_mh_all__run100__id107_c0.95.jpg,107,ni_mh_all,"","Li-ion","","3.7V","2600mAh","UL;RoHS",28
ni_mh_all__run100__id111_c0.94.jpg,111,ni_mh_all,"","Li-ion","","3.7V","2600mAh","UL;RoHS",28
ni_mh_all__run100__id114_c0.94.jpg,114,ni_mh_all,"","Li-ion","","3.7V","2600mAh","UL;RoHS",28
ni_mh_all__run100__id118_c0.94.jpg,118,ni_mh_all,"","Li-ion","","3.7V","2600mAh","UL;RoHS",28
ni_mh_all__run100__id121_c0.93.jpg,121,ni_mh_all,"","Li-ion","","3.7V","2600mAh","CE;RoHS",28
ni_mh_all__run100__id127_c0.93.jpg,127,ni_mh_all,"","Li-ion","","3.7V","2600mAh","CE;RoHS",28
ni_mh_all__run101__id001_c0.93.jpg,1,ni_mh_all,"","Li-ion","","3.7V","2600mAh","CE;RoHS",28
ni_mh_all__run102__id001_c0.93.jpg,1,ni_mh_all,"","Li-ion","","3.7V","2600mAh","UL;RoHS",28